0.0, 0.0, 0, 49.8, 61.2, 60.9, 59.5, 80.9, 68.8, 61.5, 78.4, 70.5, 84.9, inf, 80.8, 77.4, 82.8, 85.9, 85.8, 79.0, 80.7, 70.3, 90.0, 87.4, inf, inf, inf, 90.5, inf, 84.0, 86.0, inf, inf, inf, 87.5, inf, inf, inf, 90.0, inf, inf, inf, 80.0, inf, 87.0, inf, inf, inf, inf, inf, inf, 91.0, 89.0, inf, inf, inf, inf, inf, 86.6, inf, inf, inf, 88.0, inf, 88.0, inf, 7.70454411370329, 4.261455150532504, 6.363175307973213, 6.360031446463139, 4.0853396431631, 4.534313619501853, 5.608029957123981, 5.102940328869229, 3.6674241641784495, 2.8792360097775935, inf, 2.85657137141714, 4.386342439892262, 2.2715633383201093, 0.30000000000000004, 3.994996871087636, 1.7888543819998317, 1.5524174696260025, 3.3778691508109073, 0.0, 2.835489375751565, inf, inf, inf, 0.6708203932499369, inf, 3.9496835316262997, 0.0, inf, inf, inf, 1.9621416870348585, inf, inf, inf, 0.0, inf, inf, inf, 0.0, inf, 0.0, inf, inf, inf, inf, inf, inf, 0.0, 0.0, inf, inf, inf, inf, inf, 2.3748684174075834, inf, inf, inf, 0.0, inf, 0.0, inf
0.0, 1000.0, 0, 50.5, 53.5, 60.1, 62.0, 82.3, 70.5, 61.1, 74.7, 69.5, 84.4, inf, 77.33333333333333, 78.6, 81.7, 79.5, 84.2, 78.5, 79.9, 68.6, 88.6, 88.9, inf, inf, 87.22222222222223, 91.1, inf, 80.4, inf, 86.625, inf, inf, 89.1, 92.0, inf, inf, 87.0, inf, inf, inf, inf, inf, 89.71428571428571, 90.0, inf, inf, inf, inf, inf, inf, 88.0, inf, inf, inf, inf, inf, 90.1, inf, inf, inf, 88.0, inf, 95.0, inf, 8.593602271457529, 3.442382895611701, 5.7523908073078625, 6.0, 4.817675788178362, 6.15223536610881, 7.6216796049164905, 2.794637722496424, 3.4713109915419564, 2.3748684174075834, inf, 2.8674417556808756, 4.029888335921977, 3.7429934544425802, 2.0615528128088303, 3.4292856398964493, 3.6124783736376886, 2.3853720883753127, 5.1613951602255765, 0.6633249580710799, 2.8442925306655784, inf, inf, 1.9876159799998132, 0.30000000000000004, inf, 0.8, inf, 0.9921567416492215, inf, inf, 3.1448370387032774, 0.0, inf, inf, 0.0, inf, inf, inf, inf, inf, 1.4846149779161806, 0.0, inf, inf, inf, inf, inf, inf, 0.0, inf, inf, inf, inf, inf, 2.6999999999999997, inf, inf, inf, 0.0, inf, 0.0, inf
0.0, 2000.0, 0, 45.9, 52.2, 58.8, 65.0, 80.6, 70.2, 59.8, 73.0, 67.3, 84.8, 92.25, 78.0, 77.2, 81.0, 78.1, 82.9, 79.4, 75.4, 69.1, 91.0, 85.8, inf, 93.0, 92.0, 94.4, inf, 84.8, inf, 83.71428571428571, inf, inf, 85.8, 92.0, inf, inf, 87.0, inf, inf, inf, inf, 90.0, 92.6, inf, inf, inf, inf, inf, 84.0, inf, 88.0, inf, inf, inf, 93.0, inf, 90.2, inf, inf, inf, inf, inf, inf, inf, 5.872818744010409, 5.67097875150313, 4.621688003316537, 3.605551275463989, 4.127953488110059, 4.975942121849891, 5.418486873657627, 3.7416573867739413, 4.796873982084582, 3.340658617698013, 2.9047375096555625, 4.58257569495584, 2.85657137141714, 3.1304951684997055, 3.8845849199110063, 4.158124577258358, 4.8207883172775805, 7.059745037889116, 6.441273166075167, 0.0, 3.919183588453085, inf, 0.0, 1.7320508075688772, 0.916515138991168, inf, 1.833030277982336, inf, 0.6998542122237652, inf, inf, 3.655133376499413, 0.0, inf, inf, 0.0, inf, inf, inf, inf, 0.0, 0.8, inf, inf, inf, inf, inf, 0.0, inf, 0.0, inf, inf, inf, 0.0, inf, 3.4871191548325386, inf, inf, inf, inf, inf, inf, inf
0.0, 3000.0, 0, 47.5, 57.2, 55.8, 58.8, 76.2, 68.6, 60.1, 81.3, 67.2, 82.9, 96.0, 77.8, 75.3, 78.5, 78.7, 83.6, 78.4, 71.3, 67.4, 91.4, 87.3, 86.0, inf, 89.2, 90.4, inf, 78.0, inf, 78.0, 90.0, inf, 85.5, inf, inf, inf, inf, inf, 94.0, inf, 88.0, 90.0, inf, inf, inf, inf, 91.0, inf, 84.0, inf, 90.44444444444444, inf, inf, inf, inf, inf, 92.0, inf, inf, inf, inf, inf, inf, inf, 12.627351266199891, 6.675327707311455, 6.241794613730894, 4.664761515876241, 4.4, 4.294182110716777, 5.6471231613982, 2.9342801502242417, 5.929586832149437, 4.323193264243457, 0.0, 2.4000000000000004, 5.367494760127856, 4.080441152620633, 3.4942810419312296, 4.386342439892261, 4.8, 4.648655719667784, 2.9393876913398134, 0.916515138991168, 3.874274125562103, 0.0, inf, 0.9797958971132712, 0.4898979485566356, inf, 0.0, inf, 0.0, 0.0, inf, 3.3241540277189325, inf, inf, inf, inf, inf, 0.0, inf, 0.0, 0.0, inf, inf, inf, inf, 0.0, inf, 0.0, inf, 0.6849348892187752, inf, inf, inf, inf, inf, 3.0, inf, inf, inf, inf, inf, inf, inf
0.0, 4000.0, 0, 45.4, 59.6, 58.0, 61.8, 74.1, 70.2, 64.5, 82.5, 65.3, 84.4, 89.0, 85.2, 78.6, 83.1, 76.5, 83.2, 75.7, 80.2, 70.1, 90.0, 83.3, 86.0, 91.0, 88.0, 91.66666666666667, inf, 79.4, inf, 90.0, 90.75, 94.0, 84.7, inf, inf, inf, inf, inf, 86.625, inf, 88.0, inf, inf, inf, inf, inf, 91.0, inf, inf, inf, 91.0, 93.0, inf, inf, inf, inf, 95.0, inf, inf, inf, inf, inf, inf, inf, 7.901898506055364, 4.317406628984581, 5.138093031466052, 7.833262411026456, 5.448853090330111, 4.48998886412873, 4.4328320518603, 3.6945906403822333, 3.5791060336346563, 4.586937976471886, 0.0, 5.5641710972974225, 4.521061822182926, 3.014962686336267, 3.138470965295043, 4.975942121849892, 5.933801479658719, 4.308131845707603, 2.5475478405713994, 0.0, 4.817675788178362, 0.0, 0.0, 2.756809750418044, 0.9428090415820634, inf, 3.4698703145794942, inf, 2.6457513110645907, 1.5612494995995996, 0.0, 3.661966684720111, inf, inf, inf, inf, inf, 2.341874249399399, inf, 0.0, inf, inf, inf, inf, inf, 0.0, inf, inf, inf, 0.0, 0.0, inf, inf, inf, inf, 0.0, inf, inf, inf, inf, inf, inf, inf
0.0, 5000.0, 0, 44.7, 60.7, 57.0, 66.6, 74.3, 68.9, 63.4, 80.6, 66.5, 84.4, 89.0, 77.2, 80.5, 85.1, 84.5, 83.7, 78.3, 75.7, 74.8, 85.0, 83.7, 82.0, 92.0, 90.7, 91.3, 86.25, 80.9, inf, 83.6, 91.7, 94.0, 81.7, inf, inf, inf, inf, 87.0, 89.7, inf, 85.75, inf, inf, inf, inf, inf, inf, inf, 87.33333333333333, 93.0, inf, 93.0, inf, inf, inf, inf, 97.0, inf, inf, inf, inf, inf, inf, 89.0, 7.071774883294857, 5.423098745182499, 4.626013402488151, 5.314132102234569, 4.775981574503821, 6.040695324215583, 4.1521078984053394, 3.7202150475476548, 4.780167361086848, 5.023942674832188, 0.0, 2.749545416973504, 5.220153254455275, 2.773084924772409, 4.318564576337836, 5.000999900019995, 6.496922348312315, 5.74543296888929, 5.055689863905815, 0.0, 4.337049688440288, 0.0, 0.0, 1.4177446878757824, 0.6403124237432849, 1.299038105676658, 3.9862262855989496, inf, 2.244994432064365, 0.458257569495584, 0.0, 4.148493702538308, inf, inf, inf, inf, 0.0, 0.9, inf, 1.984313483298443, inf, inf, inf, inf, inf, inf, inf, 0.9428090415820634, 0.0, inf, 0.0, inf, inf, inf, inf, 0.0, inf, inf, inf, inf, inf, inf, 0.0
0.0, 6000.0, 0, 44.0, 60.4, 61.8, 63.7, 71.9, 70.1, 66.4, 81.7, 63.5, 82.0, 94.0, 77.0, 82.4, 85.4, 80.4, 81.7, 73.9, 76.8, 67.0, 89.2, 86.4, 87.42857142857143, 92.0, 90.3, 88.7, 83.0, 80.1, inf, 81.1, 89.125, inf, 86.2, 86.0, inf, inf, 96.0, 87.0, inf, inf, 88.125, inf, 89.0, inf, inf, inf, inf, inf, 85.0, 93.0, inf, inf, inf, 89.0, inf, inf, 97.0, inf, inf, inf, inf, inf, inf, 90.0, 2.9664793948382653, 5.642694391866354, 5.81033561853358, 4.450842616853577, 5.185556864985669, 6.992138442565336, 5.219195340279955, 3.0675723300355937, 4.5, 4.604345773288535, 2.0, 4.626013402488151, 5.063595560468865, 4.152107898405339, 3.0724582991474434, 4.001249804748512, 3.6728735344413916, 4.512205669071391, 5.310367218940701, 1.469693845669907, 2.90516780926679, 0.9035079029052513, 1.0, 1.5524174696260025, 0.9, 1.4832396974191326, 3.590264614203248, inf, 2.3430749027719964, 2.5708704751503917, inf, 2.4819347291981715, 0.0, inf, inf, 0.0, 0.0, inf, inf, 4.960783708246107, inf, 0.0, inf, inf, inf, inf, inf, 0.0, 0.0, inf, inf, inf, 0.0, inf, inf, 0.0, inf, inf, inf, inf, inf, inf, 0.0
0.0, 7000.0, 0, 48.1, 61.2, 27.7, 62.1, 71.1, 69.5, 67.9, 86.1, 65.5, 81.2, 88.0, 78.0, 84.0, 82.6, 80.0, 80.8, 75.4, 72.6, 68.9, 86.3, 86.5, 88.6, 90.0, 88.8, 90.7, 83.0, 80.0, inf, 78.0, 86.77777777777777, 92.3, 86.3, 90.0, inf, inf, 91.0, inf, 87.0, inf, 81.8, inf, 89.0, inf, inf, inf, inf, inf, inf, inf, inf, inf, inf, 88.85714285714286, inf, inf, inf, inf, inf, inf, inf, inf, inf, 93.0, 2.8792360097775935, 5.844655678480983, 17.464535493393463, 4.060788100849391, 5.85576638878294, 6.119640512317697, 3.9102429592034307, 3.7802116342871597, 5.200961449578338, 4.214261501141095, 0.0, 2.449489742783178, 3.7416573867739413, 3.2310988842807022, 1.8973665961010275, 4.422668877499196, 4.152107898405339, 6.711184694225007, 6.378871373526825, 5.158488150611572, 4.387482193696061, 0.8, 0.0, 3.994996871087636, 1.3453624047073711, 0.0, 3.521363372331802, inf, 0.0, 0.628539361054709, 0.458257569495584, 4.220189569201838, 0.0, inf, inf, 3.872983346207417, inf, 0.0, inf, 3.9191835884530852, inf, 0.0, inf, inf, inf, inf, inf, inf, inf, inf, inf, inf, 0.989743318610787, inf, inf, inf, inf, inf, inf, inf, inf, inf, 0.0
0.0, 8000.0, 0, 44.8, 63.1, 23.5, 64.3, 73.8, 68.3, 65.6, 83.7, 66.0, 82.8, 89.0, 79.5, 82.5, 82.9, 83.0, 83.8, 74.8, 70.3, 69.4, 86.9, 87.6, 88.0, inf, 86.6, 90.8, 84.25, 78.4, 88.7, 78.7, 89.2, 93.7, 86.2, 87.5, inf, inf, 88.0, inf, inf, inf, 85.0, 83.25, inf, 81.0, inf, inf, inf, inf, inf, inf, inf, 94.0, inf, 88.0, inf, inf, inf, inf, inf, inf, inf, inf, inf, inf, 10.303397497913005, 4.570557952810575, 15.034959261667456, 4.712748667179271, 5.912698199637793, 4.796873982084583, 5.314132102234569, 1.5524174696260025, 5.549774770204643, 4.833218389437829, 0.0, 3.774917217635375, 2.202271554554524, 4.323193264243457, 4.47213595499958, 4.48998886412873, 4.28485705712571, 3.1, 6.118823416311342, 1.57797338380595, 2.7640549922170505, 0.5, inf, 3.0397368307141326, 0.6, 1.713913650100261, 2.2, 4.859012245302536, 3.4655446902326914, 1.833030277982336, 0.458257569495584, 2.227105745132009, 0.5, inf, inf, 0.0, inf, inf, inf, 0.0, 3.897114317029974, inf, 0.0, inf, inf, inf, inf, inf, inf, inf, 0.0, inf, 0.0, inf, inf, inf, inf, inf, inf, inf, inf, inf, inf
0.0, 9000.0, 0, 43.5, 63.1, 23.2, 66.9, 66.6, 59.1, 66.7, 88.6, 63.4, 84.5, 87.4, 74.0, 83.4, 87.3, 87.6, 83.6, 81.8, 65.6, 67.7, 86.2, 89.9, 86.4, 86.66666666666667, 86.5, 89.8, 84.4, 71.9, 87.6, 77.5, 82.3, 93.0, 88.2, 83.5, inf, inf, inf, 86.0, inf, inf, inf, 80.1, inf, 86.3, inf, inf, inf, inf, inf, inf, 95.0, 94.0, inf, inf, inf, inf, inf, inf, inf, inf, inf, inf, inf, inf, 6.18465843842649, 5.204805471869242, 14.28145650835376, 6.609841147864296, 6.452906321960671, 6.774215821775979, 4.382921400162226, 2.8, 4.386342439892261, 2.202271554554524, 3.0724582991474434, 3.3466401061363023, 2.2891046284519194, 1.8466185312619388, 2.6532998322843198, 3.2, 6.095900261651268, 3.8, 3.7960505792204615, 4.812483766206386, 4.085339643163099, 2.1071307505705477, 3.7712361663282534, 3.5846896657869842, 2.7129319932501073, 1.8, 6.5337584895678535, 3.104834939252005, 6.2008063991709985, 3.5227829907617076, 0.0, 1.9390719429665315, 2.6551836094703507, inf, inf, inf, 0.0, inf, inf, inf, 4.459820624195552, inf, 0.9, inf, inf, inf, inf, inf, inf, 0.0, 0.0, inf, inf, inf, inf, inf, inf, inf, inf, inf, inf, inf, inf
0.0, 10000.0, 0, 45.2, 60.8, 31.4, 72.1, 69.6, 66.2, 68.6, inf, 65.4, 86.0, 92.4, 72.2, 79.0, 86.4, 85.0, 85.0, 81.0, 68.7, 70.0, 84.6, 91.4, 82.7, 88.8, 85.3, 89.1, 85.9, 73.2, 84.57142857142857, 81.2, 85.3, 93.77777777777777, 90.6, 84.4, inf, inf, inf, 86.0, inf, inf, 76.3, 80.2, inf, 86.9, inf, inf, inf, inf, inf, inf, 95.0, inf, inf, inf, inf, inf, inf, inf, inf, inf, inf, inf, inf, inf, 3.4, 3.8157568056677826, 20.17027515925353, 4.346262762420146, 6.069596362197407, 4.621688003316537, 6.151422599691879, inf, 6.2, 4.449719092257398, 2.2, 0.9797958971132712, 4.604345773288535, 0.8, 2.6832815729997477, 2.7202941017470885, 3.5496478698597698, 4.754997371187496, 7.042726744663604, 3.1685959035509716, 3.6932370625238775, 2.4919871588754225, 2.039607805437114, 3.5791060336346563, 2.1656407827707715, 3.3896902513356584, 4.64327470649756, 1.0497813183356477, 4.237924020083418, 4.001249804748512, 0.41573970964154905, 2.835489375751565, 3.97994974842648, inf, inf, inf, 0.0, inf, inf, 0.458257569495584, 1.2489995996796797, inf, 1.9209372712298547, inf, inf, inf, inf, inf, inf, 0.0, inf, inf, inf, inf, inf, inf, inf, inf, inf, inf, inf, inf, inf
0.0, 11000.0, 0, 51.6, 66.9, 23.3, 71.2, 63.0, 56.9, 67.4, 86.0, 61.2, 83.9, 89.4, 73.2, 84.4, 89.44444444444444, 82.1, 89.3, 81.6, 68.1, 66.0, 83.5, 93.11111111111111, 82.8, 87.4, 79.3, 90.4, 87.3, 76.7, 81.25, 82.4, 85.1, 92.625, 92.1, 86.3, inf, inf, inf, inf, inf, inf, 80.4, 79.6, inf, 87.5, inf, inf, inf, inf, inf, 97.0, inf, inf, inf, inf, inf, inf, inf, inf, inf, inf, inf, inf, inf, inf, 9.090654541890808, 5.838664230798, 15.033628969746461, 5.362835071116769, 2.7202941017470885, 5.6471231613982, 3.903844259188627, 0.0, 3.994996871087636, 1.374772708486752, 2.1071307505705477, 3.4, 4.363484845854286, 3.1661792997277796, 4.635730794599704, 1.9000000000000001, 3.104834939252005, 5.3188344587888805, 7.26636084983398, 3.7483329627982624, 2.6851213274654606, 0.6, 2.537715508089904, 3.2264531609803355, 1.42828568570857, 4.124318125460256, 3.6891733491393435, 1.299038105676658, 1.5620499351813308, 3.726929030716845, 0.4841229182759271, 1.9209372712298547, 4.382921400162226, inf, inf, inf, inf, inf, inf, 3.555277766926235, 4.5431266766402185, inf, 0.5, inf, inf, inf, inf, inf, 0.0, inf, inf, inf, inf, inf, inf, inf, inf, inf, inf, inf, inf, inf, inf
0.0, 12000.0, 0, 53.1, 62.8, 33.9, 71.1, 71.9, 58.0, 69.5, 89.75, 58.3, 90.0, 88.2, 73.6, 82.0, 93.0, 83.4, 89.22222222222223, 79.7, 63.6, 65.9, 82.0, 90.2, 85.6, 87.6, 80.9, 89.2, 86.7, 77.4, 78.7, 79.5, 84.4, 89.7, 90.7, 84.5, inf, inf, inf, inf, 85.0, inf, 81.6, 77.9, inf, 85.6, 95.33333333333333, inf, inf, inf, inf, 97.0, inf, inf, inf, inf, inf, inf, inf, inf, inf, inf, inf, inf, inf, inf, 6.20403094769844, 5.436910887627275, 23.235533133543548, 5.107837115648853, 3.9610604640676716, 4.711687595755898, 3.7483329627982624, 2.165063509461097, 6.496922348312315, 3.0, 2.2715633383201093, 3.4985711369071804, 0.0, 0.0, 4.409081537009721, 0.628539361054709, 3.4365680554879163, 3.0724582991474434, 6.410148204214939, 6.06630035524124, 0.6, 2.3748684174075834, 2.727636339397171, 5.146843692983109, 2.6758176320519302, 4.124318125460256, 5.499090833947008, 3.348133808556641, 3.0413812651491097, 3.666060555964672, 1.9519221295943134, 0.458257569495584, 3.2939338184001206, inf, inf, inf, inf, 0.0, inf, 3.6932370625238775, 2.4269322199023193, inf, 1.7435595774162693, 2.9814239699997196, inf, inf, inf, inf, 0.0, inf, inf, inf, inf, inf, inf, inf, inf, inf, inf, inf, inf, inf, inf
0.0, 13000.0, 0, 50.2, 58.1, 18.5, 72.4, 67.6, 57.1, 70.9, 87.66666666666667, 69.0, 86.2, 82.3, 69.8, 86.44444444444444, inf, 82.88888888888889, 83.3, 83.5, 63.9, 63.5, 87.4, 92.625, 84.1, 83.6, 90.5, 88.5, 83.22222222222223, 76.6, 82.5, 75.9, 83.8, 89.7, 90.5, 86.2, inf, inf, inf, inf, inf, inf, 80.9, 80.0, inf, 84.8, 91.5, inf, 92.0, inf, inf, 88.0, inf, 90.0, inf, inf, inf, inf, inf, inf, inf, inf, inf, inf, inf, inf, 4.664761515876241, 5.629387178015028, 1.284523257866513, 6.902173570694959, 6.003332407921453, 5.3188344587888805, 4.4821869662029945, 2.3570226039551585, 5.039841267341661, 3.6, 2.4515301344262523, 4.874423042781577, 1.4229164972072998, inf, 5.465943944999486, 4.148493702538308, 1.2041594578792296, 5.7523908073078625, 7.046275611981127, 1.8, 0.9921567416492215, 3.477067730142742, 2.4979991993593593, 2.539685019840059, 1.3601470508735443, 5.094174838376733, 4.004996878900157, 4.544227107000705, 5.769748694700662, 2.4819347291981715, 3.0016662039607267, 0.7071067811865476, 3.6, inf, inf, inf, inf, inf, inf, 4.784349485562275, 3.794733192202055, inf, 3.2186953878862163, 0.8660254037844386, inf, 0.0, inf, inf, 0.0, inf, 0.0, inf, inf, inf, inf, inf, inf, inf, inf, inf, inf, inf, inf
0.0, 14000.0, 0, 59.2, 61.9, 30.0, 70.4, 68.9, 61.3, 71.7, 86.0, 72.6, 89.0, 82.3, 72.3, 87.0, inf, 82.5, 86.2, 84.4, 62.3, 61.7, 86.4, 92.0, 86.0, 83.4, 86.1, 89.1, 79.3, 77.6, 80.2, 74.5, 83.9, 87.4, 92.1, 82.4, inf, inf, inf, inf, inf, inf, 75.7, 75.8, inf, 78.7, 91.8, inf, 94.8, inf, inf, 87.0, inf, 90.0, inf, inf, 94.0, 85.0, inf, inf, inf, inf, inf, inf, inf, inf, 6.161168720299745, 7.712976079309465, 18.947295321496416, 4.8, 5.3563046963368315, 4.920365840057018, 4.62709412050371, 0.0, 3.555277766926235, 0.0, 4.879549159502341, 6.708949247087803, 0.0, inf, 1.5, 0.9797958971132712, 0.916515138991168, 4.382921400162226, 3.925557285278104, 3.5270384177096794, 0.0, 1.8973665961010275, 5.1613951602255765, 3.047950130825634, 2.211334438749598, 3.2264531609803355, 3.8522720568516444, 3.994996871087636, 3.721558813185679, 2.9816103031751147, 3.666060555964672, 0.30000000000000004, 2.835489375751565, inf, inf, inf, inf, inf, inf, 3.163858403911275, 4.331281565541543, inf, 1.004987562112089, 2.749545416973504, inf, 0.9797958971132712, inf, inf, 0.0, inf, 0.0, inf, inf, 0.0, 0.0, inf, inf, inf, inf, inf, inf, inf, inf
0.0, 15000.0, 0, 56.9, 61.7, 28.8, 72.4, 65.5, 66.8, 75.3, inf, 75.7, inf, 85.4, 66.6, inf, inf, inf, 87.0, inf, 65.9, 67.7, 87.9, 91.3, 83.6, 85.0, 87.3, 87.8, 82.4, 80.6, 85.0, 75.1, 85.6, 93.7, 93.5, 81.6, inf, inf, inf, 92.0, inf, inf, 79.6, 77.4, inf, 83.14285714285714, 96.0, inf, 94.0, inf, inf, 91.0, inf, inf, inf, inf, 94.0, inf, inf, inf, inf, inf, inf, inf, inf, inf, 6.007495318350236, 4.980963762164908, 19.64077391550547, 4.8207883172775805, 4.201190307520001, 5.3814496188294845, 4.360045871318328, inf, 4.026164427839479, inf, 2.90516780926679, 3.0066592756745814, inf, inf, inf, 0.0, inf, 6.394528911499267, 6.1, 2.3853720883753127, 0.458257569495584, 0.916515138991168, 2.792848008753788, 4.583666654546335, 2.925747767665559, 2.6907248094147422, 4.6946778377222005, 0.0, 4.5265881191025095, 4.1521078984053394, 1.6155494421403511, 0.5, 4.454211490264018, inf, inf, inf, 0.0, inf, inf, 7.644605941446557, 7.1860976892886725, inf, 3.6027200608338545, 0.0, inf, 0.0, inf, inf, 0.0, inf, inf, inf, inf, 0.0, inf, inf, inf, inf, inf, inf, inf, inf, inf
0.0, 16000.0, 0, 60.0, 64.7, 33.6, 68.0, 66.3, 67.8, 75.4, inf, 79.4, inf, 83.9, 68.7, inf, inf, inf, inf, 84.0, 65.7, 64.9, 89.0, 91.0, 87.42857142857143, 83.7, 89.8, 88.7, 86.3, 76.6, inf, 71.7, 84.8, 89.0, 94.0, 82.3, inf, inf, inf, 92.0, inf, inf, 74.0, 74.2, inf, 84.1, inf, inf, inf, inf, inf, inf, inf, inf, inf, inf, inf, inf, inf, inf, inf, inf, inf, inf, inf, inf, 7.962411694957753, 6.527633568147036, 22.756098083810414, 3.5777087639996634, 5.3113086899558, 7.359347797189639, 6.2801273872430325, inf, 7.158212067269312, inf, 5.243090691567332, 5.292447448959696, inf, inf, inf, inf, 0.0, 6.034069936618235, 2.5865034312755126, 3.4641016151377544, 0.0, 1.8405855323893037, 4.838388161361178, 3.655133376499413, 2.4515301344262523, 2.7586228448267445, 4.651881339845203, inf, 1.7349351572897471, 2.9933259094191533, 0.0, 0.0, 3.1, inf, inf, inf, 0.0, inf, inf, 3.847076812334269, 0.7483314773547883, inf, 3.5057096285916205, inf, inf, inf, inf, inf, inf, inf, inf, inf, inf, inf, inf, inf, inf, inf, inf, inf, inf, inf, inf
0.0, 17000.0, 0, 60.0, 66.1, 32.7, 71.4, 66.7, 68.8, 79.2, inf, 78.9, inf, 87.7, 65.6, inf, inf, 87.0, inf, 89.6, 63.0, 61.7, 85.6, inf, 88.0, 86.0, 90.4, 89.1, 82.0, 77.3, 80.5, 72.7, 83.5, 89.42857142857143, inf, 83.8, inf, inf, inf, inf, inf, inf, 74.6, 77.7, inf, 85.9, 92.0, inf, 92.7, inf, inf, 89.0, inf, inf, inf, inf, inf, 82.0, inf, inf, inf, inf, inf, inf, inf, 83.0, 5.495452665613635, 6.236184731067546, 23.36257691266098, 4.673328578219169, 4.382921400162226, 3.1874754901018454, 3.4, inf, 4.928488612140643, inf, 3.9, 4.2, inf, inf, 0.0, inf, 3.2, 7.628892449104261, 2.2825424421026654, 1.9595917942265424, inf, 0.0, 3.794733192202055, 4.82078831727758, 2.0223748416156684, 0.0, 3.2264531609803355, 1.02469507659596, 5.967411499134277, 2.4186773244895647, 1.0497813183356477, inf, 3.3105890714493698, inf, inf, inf, inf, inf, inf, 4.521061822182927, 4.879549159502341, inf, 3.3000000000000003, 0.0, inf, 3.661966684720111, inf, inf, 0.0, inf, inf, inf, inf, inf, 0.0, inf, inf, inf, inf, inf, inf, inf, 0.0
0.0, 18000.0, 0, 67.6, 64.5, 28.1, 71.8, 69.6, 70.2, 76.7, inf, 79.5, inf, 89.9, 59.0, inf, inf, 87.5, inf, 89.2, 67.4, 57.6, 87.85714285714286, inf, inf, 88.8, 88.6, 90.5, 86.8, 83.8, 77.4, 66.6, 81.85714285714286, 88.77777777777777, inf, 88.8, inf, inf, inf, inf, inf, inf, 70.6, 79.6, inf, 86.6, inf, inf, 87.5, 82.0, inf, 84.1, inf, inf, inf, inf, inf, 82.0, inf, inf, inf, inf, inf, inf, inf, 81.2, 5.2573757712379665, 7.990619500389191, 20.466802388257918, 5.3065996645686395, 2.870540018881465, 4.445222154178574, 4.243819034784589, inf, 2.8372521918222215, inf, 2.467792535850613, 5.796550698475776, inf, inf, 0.5, inf, 2.4000000000000004, 6.216108107168021, 4.1036569057366385, 2.5314350209527645, inf, inf, 1.833030277982336, 2.1540659228538015, 1.857417562100671, 3.8418745424597094, 0.4, 2.2891046284519194, 4.294182110716777, 2.0995626366712954, 0.7856742013183862, inf, 0.4, inf, inf, inf, inf, inf, inf, 5.535341001239219, 2.939387691339814, inf, 1.9595917942265424, inf, inf, 4.738143096192854, 3.3466401061363023, inf, 2.773084924772409, inf, inf, inf, inf, inf, 0.0, inf, inf, inf, inf, inf, inf, inf, 0.6
0.0, 19000.0, 0, 66.3, 73.0, 28.1, 73.8, 68.0, 76.3, 76.9, inf, 79.7, inf, 86.0, 60.6, inf, inf, 88.0, inf, 87.0, 72.2, 54.1, 90.2, inf, inf, 88.2, 88.6, 91.28571428571429, 84.7, 86.42857142857143, 76.0, 64.6, 88.0, 88.4, inf, 85.0, inf, inf, 95.0, inf, inf, inf, 71.3, 84.3, inf, 89.0, 88.6, inf, 89.4, 80.88888888888889, inf, 86.4, inf, inf, inf, inf, 91.9, inf, inf, inf, inf, inf, inf, inf, inf, 91.7, 2.3685438564654024, 4.959838707054898, 20.24080037943164, 7.011419257183242, 5.830951894845301, 5.604462507680822, 6.977822009767804, inf, 3.874274125562103, inf, 4.024922359499621, 4.454211490264018, inf, inf, 0.0, inf, 0.0, 3.893584466786357, 4.784349485562275, 0.9797958971132712, inf, inf, 4.915282290977803, 0.916515138991168, 1.1605769149479943, 2.3259406699226015, 0.4948716593053935, 4.774934554525329, 5.902541825349482, 0.0, 3.411744421846396, inf, 0.0, inf, inf, 0.0, inf, inf, inf, 4.920365840057018, 0.458257569495584, inf, 0.0, 4.17612260356422, inf, 3.6110940170535577, 0.3142696805273545, inf, 1.2, inf, inf, inf, inf, 2.808914381037628, inf, inf, inf, inf, inf, inf, inf, inf, 1.6155494421403513
0.0, 20000.0, 0, 72.3, 74.2, 32.9, 79.2, 72.2, 79.5, 81.4, inf, 81.5, inf, 90.3, 63.5, inf, inf, 91.0, inf, 89.625, 67.1, 55.7, 87.33333333333333, inf, inf, 92.5, 90.55555555555556, 94.0, 85.0, 83.0, 74.9, 61.4, 88.0, 85.7, inf, 88.55555555555556, inf, inf, 95.0, inf, inf, inf, 70.2, 82.0, inf, 82.0, 85.9, inf, 91.5, 84.0, inf, 86.7, inf, inf, inf, inf, 95.4, 80.7, inf, inf, inf, inf, inf, inf, inf, 90.71428571428571, 6.261788881781308, 4.331281565541543, 22.805481797146932, 4.64327470649756, 1.6613247725836149, 4.224926034855522, 5.141984052872976, inf, 4.387482193696061, inf, 1.9, 6.5306967469022785, inf, inf, 0.0, inf, 0.9921567416492215, 5.412023651093923, 6.527633568147036, 1.4907119849998598, inf, inf, 2.1563858652847827, 0.4969039949999533, 1.4142135623730951, 0.0, 1.3416407864998738, 3.505709628591621, 6.56048778674269, 0.0, 2.4103941586387903, inf, 0.4969039949999533, inf, inf, 0.0, inf, inf, inf, 5.1536394906900505, 1.6733200530681511, inf, 0.0, 2.6248809496813372, inf, 2.8722813232690143, 0.0, inf, 3.407345007480164, inf, inf, inf, inf, 0.4898979485566356, 1.4866068747318506, inf, inf, inf, inf, inf, inf, inf, 3.6533462435841204
0.0, 21000.0, 0, 73.5, 74.0, 17.7, 77.9, 75.6, 78.4, 80.2, inf, 81.3, inf, 90.4, 63.6, inf, inf, 91.0, inf, inf, 70.7, 52.7, 86.0, inf, inf, 94.5, 93.25, 95.0, 86.0, 84.83333333333333, 75.7, 66.7, 93.0, 86.5, inf, 89.0, inf, inf, inf, inf, inf, inf, 74.7, 84.4, inf, 87.0, 86.5, inf, 90.0, 84.0, inf, 91.4, inf, inf, inf, inf, 90.4, 83.8, inf, inf, inf, inf, inf, inf, inf, 82.8, 6.08687111741328, 5.882176467941097, 1.004987562112089, 3.590264614203248, 5.388877434122992, 6.858571279792899, 4.331281565541543, inf, 5.23545604508337, inf, 2.939387691339814, 1.8547236990991407, inf, inf, 0.0, inf, inf, 7.000714249274855, 6.050619802962338, 0.0, inf, inf, 0.5, 1.299038105676658, 0.0, 0.0, 1.4624940645653537, 3.8483762809787714, 5.550675634551167, 0.0, 4.272001872658765, inf, 0.0, inf, inf, inf, inf, inf, inf, 5.25452186216786, 0.8, inf, 0.0, 1.91049731745428, inf, 2.449489742783178, 0.0, inf, 2.1071307505705477, inf, inf, inf, inf, 1.8, 2.227105745132009, inf, inf, inf, inf, inf, inf, inf, 1.6
0.0, 22000.0, 0, 69.3, 78.5, 22.3, 80.7, 75.7, 78.8, 84.8, inf, 83.5, inf, 88.0, 61.8, inf, inf, 91.0, inf, inf, 74.9, 50.3, inf, inf, inf, 95.0, 94.0, 91.0, 86.0, 85.0, 77.7, 68.5, 93.0, 86.3, inf, inf, inf, inf, inf, inf, inf, inf, 71.9, 86.0, inf, inf, 88.8, inf, 91.9, inf, inf, 88.2, inf, 77.0, inf, inf, 92.5, 80.5, inf, inf, inf, inf, inf, inf, inf, 87.375, 3.5510561809129406, 6.5, 11.645170672858342, 5.158488150611572, 5.604462507680822, 4.093897898091744, 2.9597297173897483, inf, 3.774917217635375, inf, 0.0, 5.582114294781145, inf, inf, 0.0, inf, inf, 6.220128616033595, 4.360045871318328, inf, inf, inf, 0.0, 0.0, 0.0, 0.0, 0.0, 6.229767250869008, 6.7712628068920795, 0.0, 2.0024984394500787, inf, inf, inf, inf, inf, inf, inf, inf, 3.1128764832546763, 0.0, inf, inf, 4.142463035441596, inf, 2.2561028345356955, inf, inf, 0.6, inf, 0.0, inf, inf, 1.5, 3.4132096331752027, inf, inf, inf, inf, inf, inf, inf, 0.9921567416492215
0.0, 23000.0, 0, 73.2, 75.6, 22.8, 78.1, 79.1, 82.6, 84.3, inf, 82.4, inf, inf, 63.7, inf, inf, inf, inf, inf, 72.0, 48.9, inf, inf, inf, inf, inf, inf, inf, inf, 70.0, 66.7, inf, 86.5, inf, inf, inf, inf, inf, inf, inf, inf, 65.6, 88.25, inf, 87.0, 80.8, inf, 91.1, 85.125, inf, 88.2, inf, inf, inf, inf, 87.5, 79.6, inf, inf, inf, inf, inf, inf, inf, 84.3, 4.770744176750625, 5.571355310873648, 14.79053751558746, 4.4821869662029945, 5.048762224545736, 0.8, 2.1931712199461306, inf, 3.0724582991474434, inf, inf, 5.514526271584895, inf, inf, inf, inf, inf, 4.753945729601885, 6.7446274915669, inf, inf, inf, inf, inf, inf, inf, inf, 6.196773353931867, 6.0835844697020525, inf, 2.247220505424423, inf, inf, inf, inf, inf, inf, inf, inf, 3.9293765408777, 1.7853571071357126, inf, 0.0, 2.315167380558045, inf, 3.014962686336267, 0.33071891388307384, inf, 2.227105745132009, inf, inf, inf, inf, 2.29128784747792, 3.1368774282716245, inf, inf, inf, inf, inf, inf, inf, 3.257299494980466
0.0, 24000.0, 0, 70.9, 79.1, 23.8, 80.7, 80.0, 81.0, 82.0, inf, 85.6, inf, inf, 59.8, inf, inf, inf, inf, inf, 75.8, 42.0, inf, inf, inf, inf, inf, inf, inf, inf, 70.0, 66.6, inf, 87.1, inf, inf, inf, inf, inf, inf, inf, inf, 65.1, 86.7, inf, inf, 79.5, inf, 87.7, 85.0, inf, 88.0, inf, 87.0, inf, inf, 92.3, 81.4, inf, inf, inf, inf, inf, inf, inf, 82.8, 4.369210454990696, 3.2388269481403293, 15.451860729374959, 5.000999900019995, 2.9664793948382653, 2.8284271247461903, 0.0, inf, 1.6852299546352716, inf, inf, 5.670978751503131, inf, inf, inf, inf, inf, 3.627671429443411, 4.427188724235731, inf, inf, inf, inf, inf, inf, inf, inf, 7.771743691090179, 4.24735211631906, inf, 1.445683229480096, inf, inf, inf, inf, inf, inf, inf, inf, 4.635730794599704, 4.337049688440288, inf, inf, 3.383784863137726, inf, 1.3453624047073711, 0.0, inf, 1.0, inf, 0.0, inf, inf, 2.1, 3.9547439866570375, inf, inf, inf, inf, inf, inf, inf, 5.5641710972974225
0.0, 25000.0, 0, 74.1, 78.5, 19.2, 80.8, 76.2, 78.2, 84.0, inf, 82.9, inf, inf, 62.0, inf, inf, 91.0, inf, inf, 73.8, 52.2, inf, inf, inf, inf, inf, inf, inf, inf, 63.9, 65.0, inf, 85.4, inf, inf, inf, inf, inf, inf, inf, inf, 65.1, 95.0, inf, inf, 76.1, inf, 87.55555555555556, 86.0, inf, 89.0, inf, inf, inf, inf, inf, 77.3, inf, inf, inf, inf, inf, inf, inf, 85.6, 6.220128616033595, 1.118033988749895, 0.9797958971132712, 2.7856776554368237, 4.664761515876241, 3.4292856398964493, 2.7255405754769875, inf, 2.071231517720798, inf, inf, 4.123105625617661, inf, inf, 0.0, inf, inf, 4.621688003316537, 7.678541528180987, inf, inf, inf, inf, inf, inf, inf, inf, 5.539855593785816, 3.8987177379235853, inf, 3.0066592756745814, inf, inf, inf, inf, inf, inf, inf, inf, 5.485435260760991, 0.0, inf, inf, 3.014962686336267, inf, 1.9499920860871383, 0.0, inf, 0.0, inf, inf, inf, inf, inf, 4.428317965096905, inf, inf, inf, inf, inf, inf, inf, 3.352610922848042
0.0, 26000.0, 0, 76.0, 79.0, 19.1, 82.75, 80.3, 81.22222222222223, 83.5, inf, 82.0, inf, inf, 64.5, inf, inf, 89.85714285714286, inf, inf, 78.0, 50.0, inf, inf, inf, inf, inf, inf, inf, 94.0, 57.7, 68.9, inf, 87.8, inf, inf, inf, inf, inf, inf, inf, inf, 68.2, inf, inf, inf, 71.7, inf, 89.0, 92.0, inf, inf, inf, inf, inf, inf, 91.0, 77.7, inf, inf, inf, inf, inf, inf, inf, 80.1, 4.358898943540674, 2.1908902300206643, 1.1357816691600546, 4.175823272122517, 4.539823785126467, 7.114582486036499, 0.5, inf, 0.0, inf, inf, 5.920304046246273, inf, inf, 0.989743318610787, inf, inf, 5.310367218940701, 6.276941930590086, inf, inf, inf, inf, inf, inf, inf, 0.0, 5.568662316930341, 5.127377497317708, inf, 0.9797958971132712, inf, inf, inf, inf, inf, inf, inf, inf, 3.1240998703626617, inf, inf, inf, 3.8223029707232783, inf, 0.0, 3.4641016151377544, inf, inf, inf, inf, inf, inf, 0.0, 4.075536774462966, inf, inf, inf, inf, inf, inf, inf, 1.972308292331602
0.0, 27000.0, 0, 73.8, 80.1, 26.2, 82.5, 80.9, 84.42857142857143, 84.0, inf, 88.4, inf, inf, 63.0, inf, inf, 89.0, inf, inf, 74.6, 51.3, inf, inf, inf, inf, inf, inf, inf, 94.0, 58.5, 68.0, inf, 86.25, inf, inf, inf, inf, inf, inf, inf, inf, 68.9, 91.0, inf, inf, 69.1, inf, inf, 94.0, inf, inf, inf, inf, inf, inf, 94.42857142857143, 73.8, inf, inf, inf, inf, inf, inf, inf, 79.4, 6.11228271597445, 4.2296571965113205, 14.756693396557374, 4.924428900898052, 5.107837115648853, 6.4333315709701155, 0.0, inf, 0.8, inf, inf, 3.9496835316262997, inf, inf, 0.0, inf, inf, 2.727636339397171, 10.325211862233143, inf, inf, inf, inf, inf, inf, inf, 0.0, 5.572252686302013, 4.69041575982343, inf, 3.344772040064913, inf, inf, inf, inf, inf, inf, inf, inf, 5.682429058070149, 0.0, inf, inf, 5.204805471869242, inf, inf, 0.0, inf, inf, inf, inf, inf, inf, 2.9692299558323607, 4.64327470649756, inf, inf, inf, inf, inf, inf, inf, 3.826225293941798
0.0, 28000.0, 0, 76.1, 77.8, 25.1, 82.0, 80.3, 82.3, 86.4, inf, 85.0, inf, inf, 63.1, inf, inf, inf, inf, inf, 80.7, 54.6, inf, inf, inf, inf, inf, inf, inf, inf, 56.3, 71.4, inf, 86.2, inf, inf, inf, inf, inf, inf, inf, inf, 65.8, 91.0, inf, 86.0, 72.2, inf, 90.0, inf, inf, inf, inf, inf, inf, inf, 97.0, 72.5, inf, inf, inf, inf, inf, inf, inf, 78.4, 2.6999999999999997, 3.54400902933387, 15.352198539622917, 1.5634719199411433, 2.193171219946131, 4.267317658670374, 1.2, inf, 0.0, inf, inf, 4.570557952810575, inf, inf, inf, inf, inf, 3.5227829907617076, 5.535341001239219, inf, inf, inf, inf, inf, inf, inf, inf, 4.1, 2.7640549922170505, inf, 0.6, inf, inf, inf, inf, inf, inf, inf, inf, 5.2115256883181535, 0.0, inf, 0.0, 3.57211421989835, inf, 0.0, inf, inf, inf, inf, inf, inf, inf, 0.0, 5.445181356024793, inf, inf, inf, inf, inf, inf, inf, 3.4698703145794942
0.0, 29000.0, 0, 74.1, 79.0, 29.7, 82.5, 79.5, 85.5, 87.0, inf, 85.0, inf, inf, 56.5, inf, inf, inf, inf, inf, 77.0, 54.5, inf, inf, inf, inf, inf, inf, inf, inf, 62.4, 71.1, inf, 80.2, inf, inf, inf, inf, inf, inf, inf, inf, 61.8, inf, inf, 86.0, 73.5, inf, 90.0, inf, inf, inf, inf, inf, inf, inf, inf, 70.5, inf, inf, inf, inf, inf, inf, inf, 78.1, 4.346262762420146, 5.887840577551898, 19.98524455692249, 2.29128784747792, 2.247220505424423, 0.5, 0.0, inf, 0.0, inf, inf, 5.481788029466299, inf, inf, inf, inf, inf, 4.8166378315169185, 5.5901699437494745, inf, inf, inf, inf, inf, inf, inf, inf, 4.6946778377222005, 3.477067730142742, inf, 2.7129319932501073, inf, inf, inf, inf, inf, inf, inf, inf, 6.161168720299745, inf, inf, 0.0, 4.455333881989093, inf, 0.0, inf, inf, inf, inf, inf, inf, inf, inf, 4.153311931459037, inf, inf, inf, inf, inf, inf, inf, 5.734980383575867
0.0, 30000.0, 0, 75.2, 81.1, 29.2, 81.6, 77.5, 86.0, 81.0, inf, inf, inf, inf, 60.5, inf, inf, inf, inf, inf, 78.8, 54.3, inf, inf, inf, inf, inf, inf, inf, inf, 62.8, 70.0, inf, 78.4, inf, inf, inf, inf, inf, inf, inf, inf, 59.4, inf, inf, inf, 73.0, inf, inf, inf, inf, inf, inf, inf, inf, inf, inf, 70.6, inf, inf, inf, inf, inf, inf, inf, 75.4, 1.833030277982336, 2.9137604568666933, 19.701776569639602, 3.411744421846396, 1.857417562100671, 0.0, 0.0, inf, inf, inf, inf, 5.987486951969082, inf, inf, inf, inf, inf, 3.2186953878862163, 8.075270893288968, inf, inf, inf, inf, inf, inf, inf, inf, 9.119210492142399, 4.449719092257398, inf, 2.009975124224178, inf, inf, inf, inf, inf, inf, inf, inf, 5.986651818838306, inf, inf, inf, 1.9493588689617927, inf, inf, inf, inf, inf, inf, inf, inf, inf, inf, 4.127953488110059, inf, inf, inf, inf, inf, inf, inf, 4.5431266766402185
0.0, 31000.0, 0, 73.8, 79.3, 28.2, 82.0, 80.8, 81.0, 81.0, inf, inf, inf, inf, 58.3, inf, inf, inf, inf, inf, 77.2, 62.5, inf, inf, inf, inf, inf, inf, inf, inf, 61.8, 67.8, inf, 80.2, inf, inf, inf, inf, inf, inf, inf, inf, 64.7, inf, inf, inf, 72.8, inf, inf, inf, inf, inf, inf, inf, inf, inf, inf, 69.7, inf, inf, inf, inf, inf, inf, inf, 72.7, 5.418486873657627, 0.9, 18.312837027615355, 0.0, 3.994996871087636, 0.0, 0.0, inf, inf, inf, inf, 3.195309061734091, inf, inf, inf, inf, inf, 4.64327470649756, 6.960603422117942, inf, inf, inf, inf, inf, inf, inf, inf, 6.779380502671317, 3.340658617698013, inf, 4.069397989875161, inf, inf, inf, inf, inf, inf, inf, inf, 6.512296062065975, inf, inf, inf, 2.993325909419153, inf, inf, inf, inf, inf, inf, inf, inf, inf, inf, 5.984145720150872, inf, inf, inf, inf, inf, inf, inf, 3.874274125562103
0.0, 32000.0, 0, 79.3, 83.55555555555556, 34.2, 84.0, 82.0, 81.0, inf, inf, inf, inf, inf, 62.9, inf, inf, inf, inf, inf, 75.4, 59.0, inf, inf, inf, inf, inf, inf, inf, inf, 58.1, 73.2, inf, 77.0, inf, inf, inf, inf, inf, inf, inf, inf, 70.7, inf, inf, inf, 73.1, inf, inf, inf, inf, inf, inf, inf, inf, inf, 94.0, 62.9, inf, inf, inf, inf, inf, inf, inf, 68.0, 4.73392015141785, 4.323350324076382, 22.859571299567275, 0.0, 0.0, 0.0, inf, inf, inf, inf, inf, 3.144837038703278, inf, inf, inf, inf, inf, 2.1071307505705477, 4.604345773288535, inf, inf, inf, inf, inf, inf, inf, inf, 4.635730794599704, 3.8418745424597094, inf, 3.3466401061363023, inf, inf, inf, inf, inf, inf, inf, inf, 4.220189569201838, inf, inf, inf, 2.8792360097775935, inf, inf, inf, inf, inf, inf, inf, inf, inf, 0.0, 4.678675026115834, inf, inf, inf, inf, inf, inf, inf, 4.2895221179054435
0.0, 33000.0, 0, 79.5, 84.6, 19.0, 84.0, 84.5, inf, inf, inf, inf, inf, inf, 64.5, inf, inf, inf, inf, inf, 82.3, 62.8, inf, inf, inf, inf, inf, inf, inf, inf, 61.9, 72.0, inf, 76.0, inf, inf, inf, inf, inf, inf, inf, inf, 75.9, inf, inf, inf, 73.6, inf, inf, inf, inf, inf, inf, inf, inf, inf, inf, 62.0, inf, inf, inf, inf, inf, inf, inf, 66.9, 5.024937810560445, 3.4409301068170506, 1.4832396974191326, 0.0, 1.02469507659596, inf, inf, inf, inf, inf, inf, 4.080441152620633, inf, inf, inf, inf, inf, 5.386093203798092, 8.1706792863262, inf, inf, inf, inf, inf, inf, inf, inf, 2.981610303175115, 4.147288270665544, inf, 1.8973665961010275, inf, inf, inf, inf, inf, inf, inf, inf, 3.9610604640676716, inf, inf, inf, 5.141984052872976, inf, inf, inf, inf, inf, inf, inf, inf, inf, inf, 6.0, inf, inf, inf, inf, inf, inf, inf, 6.609841147864296
0.0, 34000.0, 0, 74.2, 86.2, 33.5, inf, 83.0, 85.0, inf, inf, inf, inf, inf, 63.3, inf, inf, inf, inf, inf, 90.0, 68.8, inf, inf, inf, inf, inf, inf, inf, inf, 61.8, 76.2, inf, 76.0, inf, inf, inf, inf, inf, inf, inf, inf, 70.5, inf, inf, inf, 75.8, inf, inf, inf, inf, inf, inf, inf, inf, inf, inf, 58.9, inf, inf, inf, inf, inf, inf, inf, 71.2, 3.57211421989835, 1.469693845669907, 22.830900113661748, inf, 0.0, 0.0, inf, inf, inf, inf, inf, 5.273518749374084, inf, inf, inf, inf, inf, 0.0, 7.8587530817554, inf, inf, inf, inf, inf, inf, inf, inf, 4.791659420284375, 4.853864439804639, inf, 4.58257569495584, inf, inf, inf, inf, inf, inf, inf, inf, 2.3769728648009427, inf, inf, inf, 2.6381811916545836, inf, inf, inf, inf, inf, inf, inf, inf, inf, inf, 4.846648326421054, inf, inf, inf, inf, inf, inf, inf, 4.4
0.0, 35000.0, 0, 74.16666666666667, 84.3, 23.3, inf, inf, 84.25, inf, inf, inf, inf, inf, 69.2, inf, inf, inf, inf, inf, 89.0, 66.0, inf, inf, inf, inf, inf, inf, inf, inf, 66.9, 77.4, inf, 78.0, inf, inf, inf, inf, inf, inf, inf, inf, 77.1, inf, inf, inf, 79.5, inf, 95.0, inf, inf, inf, inf, inf, inf, inf, 93.0, 57.7, inf, inf, inf, inf, inf, inf, inf, 63.1, 3.1841621957571333, 2.147091055358389, 12.434226956268734, inf, inf, 0.4330127018922193, inf, inf, inf, inf, inf, 4.377213725647858, inf, inf, inf, inf, inf, 0.0, 5.639148871948674, inf, inf, inf, inf, inf, inf, inf, inf, 6.594694837519019, 3.97994974842648, inf, 4.711687595755898, inf, inf, inf, inf, inf, inf, inf, inf, 3.8587562763149474, inf, inf, inf, 4.272001872658765, inf, 0.0, inf, inf, inf, inf, inf, inf, inf, 0.0, 4.6701177715342475, inf, inf, inf, inf, inf, inf, inf, 6.7889616289974715
0.0, 36000.0, 0, 78.8, 83.0, 24.2, inf, inf, 84.0, inf, inf, inf, inf, inf, 73.2, inf, inf, inf, inf, inf, inf, 67.1, inf, inf, inf, inf, inf, inf, inf, inf, 66.3, 79.1, inf, 82.7, inf, inf, inf, inf, inf, inf, inf, inf, 75.0, inf, inf, inf, 81.4, inf, 84.2, 85.0, inf, 85.88888888888889, inf, inf, 91.0, inf, inf, 65.8, inf, inf, inf, inf, inf, inf, inf, 60.5, 1.833030277982336, 0.8944271909999159, 14.991997865528129, inf, inf, 0.0, inf, inf, inf, inf, inf, 5.929586832149438, inf, inf, inf, inf, inf, inf, 5.61159513863928, inf, inf, inf, inf, inf, inf, inf, inf, 6.165225056719341, 5.146843692983109, inf, 3.4655446902326914, inf, inf, inf, inf, inf, inf, inf, inf, 4.219004621945797, inf, inf, inf, 5.1613951602255765, inf, 5.055689863905815, 0.0, inf, 3.6038388311615233, inf, inf, 0.0, inf, inf, 6.161168720299745, inf, inf, inf, inf, inf, inf, inf, 5.426785420486054
0.0, 37000.0, 0, 81.7, 79.1, 24.0, inf, inf, inf, inf, inf, inf, inf, inf, 72.5, inf, inf, inf, inf, inf, inf, 73.2, inf, inf, inf, inf, inf, inf, inf, inf, 71.0, 85.3, inf, 83.0, inf, inf, inf, inf, 90.5, inf, inf, inf, 80.6, inf, inf, inf, 80.4, inf, 86.4, 83.71428571428571, inf, 88.0, inf, inf, 85.9, inf, inf, 69.2, inf, inf, inf, inf, inf, inf, inf, 58.6, 5.814636704042652, 3.4190641994557516, 15.414279094398154, inf, inf, inf, inf, inf, inf, inf, inf, 3.3241540277189325, inf, inf, inf, inf, inf, inf, 4.64327470649756, inf, inf, inf, inf, inf, inf, inf, inf, 5.549774770204643, 0.458257569495584, inf, 3.286335345030997, inf, inf, inf, inf, 1.5, inf, inf, inf, 3.411744421846396, inf, inf, inf, 3.352610922848042, inf, 4.223742416388575, 1.1605769149479943, inf, 2.0, inf, inf, 2.5079872407968904, inf, inf, 6.63023378170031, inf, inf, inf, inf, inf, inf, inf, 5.6956123463592565
0.0, 38000.0, 0, 81.4, 80.5, 24.7, inf, inf, inf, inf, inf, inf, inf, inf, 75.1, inf, inf, inf, inf, inf, inf, 73.4, inf, inf, inf, inf, inf, inf, inf, inf, 71.2, 77.3, inf, 82.4, inf, inf, inf, inf, 90.2, inf, inf, inf, 86.0, inf, inf, inf, 86.0, inf, 94.66666666666667, 89.0, inf, 88.0, inf, inf, 84.8, inf, 90.0, 66.0, inf, inf, inf, inf, inf, inf, inf, 60.3, 4.5431266766402185, 4.527692569068709, 14.906709898565813, inf, inf, inf, inf, inf, inf, inf, inf, 4.4147480109288235, inf, inf, inf, inf, inf, inf, 4.431703961232068, inf, inf, inf, inf, inf, inf, inf, inf, 5.929586832149438, 6.542935121182236, inf, 2.33238075793812, inf, inf, inf, inf, 0.6, inf, inf, inf, 0.0, inf, inf, inf, 3.521363372331802, inf, 0.9428090415820634, 0.0, inf, 0.0, inf, inf, 2.3579652245103193, inf, 2.8284271247461903, 4.753945729601885, inf, inf, inf, inf, inf, inf, inf, 6.634003316248794
0.0, 39000.0, 0, 88.0, 84.9, 28.4, inf, inf, inf, inf, inf, inf, inf, inf, 78.7, inf, inf, inf, inf, inf, inf, 69.3, inf, inf, inf, inf, inf, inf, inf, inf, 75.4, 77.25, inf, 83.1, inf, inf, inf, inf, 91.2, inf, inf, inf, 81.0, inf, inf, inf, 86.9, inf, 92.25, inf, inf, 92.0, inf, inf, 84.1, inf, 88.5, 71.0, inf, inf, 74.33333333333333, inf, inf, inf, inf, 70.7, 0.0, 1.57797338380595, 19.59183503401353, inf, inf, inf, inf, inf, inf, inf, inf, 3.1953090617340916, inf, inf, inf, inf, inf, inf, 4.859012245302536, inf, inf, inf, inf, inf, inf, inf, inf, 4.1036569057366385, 3.031088913245535, inf, 2.773084924772409, inf, inf, inf, inf, 0.6, inf, inf, inf, 0.0, inf, inf, inf, 3.9610604640676716, inf, 0.6614378277661477, inf, inf, 0.0, inf, inf, 4.437341546466758, inf, 0.806225774829855, 5.0990195135927845, inf, inf, 0.9428090415820634, inf, inf, inf, inf, 8.474078120952155
0.0, 40000.0, 0, 78.57142857142857, 88.4, 23.9, inf, 84.0, inf, inf, inf, inf, inf, inf, 79.6, inf, inf, inf, inf, inf, inf, 74.0, inf, inf, inf, inf, inf, inf, inf, inf, 76.4, 81.2, inf, 83.8, inf, inf, inf, inf, 89.11111111111111, inf, inf, inf, 80.33333333333333, inf, inf, inf, 86.8, inf, 92.5, inf, inf, 94.1, inf, inf, 95.0, inf, 92.8, 70.1, inf, inf, 85.0, inf, inf, inf, inf, 71.5, 4.686062704816207, 2.5768197453450252, 15.089400253157844, inf, 0.0, inf, inf, inf, inf, inf, inf, 1.8, inf, inf, inf, inf, inf, inf, 5.531726674375733, inf, inf, inf, inf, inf, inf, inf, inf, 4.431703961232068, 3.4292856398964493, inf, 3.249615361854384, inf, inf, inf, inf, 2.078698548207745, inf, inf, inf, 2.8674417556808756, inf, inf, inf, 3.7629775444453557, inf, 0.5, inf, inf, 1.374772708486752, inf, inf, 3.0, inf, 0.9797958971132712, 3.2388269481403293, inf, inf, 0.0, inf, inf, inf, inf, 5.572252686302013
0.0, 41000.0, 0, 81.6, 85.7, 38.7, inf, 84.0, inf, inf, inf, inf, inf, inf, 78.7, inf, inf, inf, inf, inf, inf, 74.8, inf, inf, inf, inf, inf, inf, inf, inf, 76.6, 85.2, inf, 82.4, inf, inf, inf, inf, inf, inf, inf, inf, 78.85714285714286, inf, inf, inf, 86.8, inf, 93.0, inf, inf, 95.0, inf, inf, 91.0, inf, 93.71428571428571, 66.0, inf, inf, inf, inf, inf, inf, inf, 72.7, 5.5533773507659285, 3.407345007480164, 24.552189311749775, inf, 0.0, inf, inf, inf, inf, inf, inf, 2.8301943396169813, inf, inf, inf, inf, inf, inf, 5.2687759489277965, inf, inf, inf, inf, inf, inf, inf, inf, 4.758150901348127, 2.4000000000000004, inf, 3.1048349392520045, inf, inf, inf, inf, inf, inf, inf, inf, 4.733726150223112, inf, inf, inf, 1.98997487421324, inf, 0.0, inf, inf, 0.0, inf, inf, 0.0, inf, 0.6998542122237652, 4.381780460041329, inf, inf, inf, inf, inf, inf, inf, 6.197580172938467
0.0, 42000.0, 0, 85.0, 89.125, 38.6, inf, 87.0, inf, inf, inf, inf, inf, inf, 79.9, inf, inf, inf, inf, inf, inf, 76.9, inf, inf, inf, inf, inf, inf, inf, inf, 79.7, 82.9, inf, 81.1, inf, inf, inf, inf, inf, inf, inf, inf, 90.0, inf, inf, inf, 89.8, inf, inf, inf, inf, inf, inf, inf, 92.66666666666667, inf, 94.0, 65.1, inf, inf, inf, inf, inf, inf, inf, 72.5, 3.1622776601683795, 3.2572035551988456, 22.521989254948153, inf, 0.0, inf, inf, inf, inf, inf, inf, 1.0440306508910548, inf, inf, inf, inf, inf, inf, 3.9610604640676716, inf, inf, inf, inf, inf, inf, inf, inf, 6.1489836558572835, 2.211334438749598, inf, 3.726929030716845, inf, inf, inf, inf, inf, inf, inf, inf, 0.0, inf, inf, inf, 2.821347195933177, inf, inf, inf, inf, inf, inf, inf, 0.7453559924999299, inf, 0.0, 6.992138442565336, inf, inf, inf, inf, inf, inf, inf, 2.6172504656604803
0.0, 43000.0, 0, 85.9, 87.66666666666667, 23.4, inf, inf, inf, inf, inf, inf, inf, inf, 77.9, inf, inf, inf, inf, inf, inf, 77.5, inf, inf, inf, inf, inf, inf, inf, inf, 77.9, 83.8, inf, 82.2, inf, inf, inf, inf, inf, inf, inf, inf, 82.85714285714286, inf, inf, inf, 90.8, inf, inf, inf, inf, inf, inf, inf, 93.0, inf, inf, 62.5, inf, inf, inf, inf, inf, inf, inf, 73.7, 5.127377497317708, 2.2110831935702664, 11.385956261992225, inf, inf, inf, inf, inf, inf, inf, inf, 1.57797338380595, inf, inf, inf, inf, inf, inf, 4.05585995813465, inf, inf, inf, inf, inf, inf, inf, inf, 2.1656407827707715, 2.749545416973504, inf, 2.6758176320519302, inf, inf, inf, inf, inf, inf, inf, inf, 0.3499271061118826, inf, inf, inf, 3.280243893371345, inf, inf, inf, inf, inf, inf, inf, 0.0, inf, inf, 4.104875150354759, inf, inf, inf, inf, inf, inf, inf, 3.4655446902326914
0.0, 44000.0, 0, 86.2, 87.6, 39.1, inf, inf, inf, inf, inf, inf, inf, inf, 81.1, inf, inf, inf, inf, inf, 94.0, 78.7, inf, inf, inf, inf, inf, inf, inf, inf, 79.3, 87.33333333333333, inf, 83.2, inf, inf, inf, inf, inf, inf, inf, inf, 83.75, inf, inf, inf, 89.2, inf, inf, inf, inf, inf, inf, inf, inf, inf, inf, 65.3, inf, inf, inf, inf, inf, inf, inf, 74.8, 3.370459909270543, 2.244994432064365, 25.045758123881974, inf, inf, inf, inf, inf, inf, inf, inf, 2.118962010041709, inf, inf, inf, inf, inf, 0.0, 6.165225056719341, inf, inf, inf, inf, inf, inf, inf, inf, 4.050925820105819, 4.109609335312651, inf, 2.6758176320519302, inf, inf, inf, inf, inf, inf, inf, inf, 0.4330127018922193, inf, inf, inf, 2.5219040425836985, inf, inf, inf, inf, inf, inf, inf, inf, inf, inf, 6.481512169239521, inf, inf, inf, inf, inf, inf, inf, 4.6
0.0, 45000.0, 0, 84.1, 89.9, 28.8, inf, inf, inf, inf, inf, inf, inf, inf, 83.0, inf, inf, inf, inf, inf, 94.0, 79.4, inf, inf, inf, inf, inf, inf, inf, inf, 81.4, 84.5, inf, 85.8, inf, inf, inf, inf, inf, inf, inf, inf, 80.11111111111111, inf, inf, inf, 90.0, inf, 90.3, 96.0, inf, 94.55555555555556, inf, inf, inf, inf, 94.0, 67.1, inf, inf, inf, inf, inf, inf, inf, 79.6, 2.6248809496813372, 3.207802986469088, 20.395097450122666, inf, inf, inf, inf, inf, inf, inf, inf, 3.0983866769659336, inf, inf, inf, inf, inf, 0.0, 5.063595560468865, inf, inf, inf, inf, inf, inf, inf, inf, 2.1071307505705477, 2.29128784747792, inf, 2.3151673805580453, inf, inf, inf, inf, inf, inf, inf, inf, 2.078698548207745, inf, inf, inf, 2.32379000772445, inf, 0.9, 0.0, inf, 1.4229164972072998, inf, inf, inf, inf, 0.0, 4.742362280551751, inf, inf, inf, inf, inf, inf, inf, 3.7202150475476548
0.0, 46000.0, 0, 87.2, 89.33333333333333, 33.9, inf, inf, inf, 89.0, inf, inf, inf, inf, 84.4, inf, inf, inf, inf, inf, inf, 79.3, inf, inf, inf, inf, inf, inf, inf, inf, 80.4, 88.0, inf, 87.6, inf, inf, inf, inf, inf, inf, inf, inf, 85.0, inf, inf, inf, 92.0, inf, 89.9, inf, inf, 90.5, inf, 85.0, 93.0, inf, 90.5, 74.1, inf, inf, inf, inf, inf, inf, inf, 78.9, 2.6, 3.2998316455372216, 23.65354096113307, inf, inf, inf, 0.0, inf, inf, inf, inf, 2.244994432064365, inf, inf, inf, inf, inf, inf, 5.139066063011839, inf, inf, inf, inf, inf, inf, inf, inf, 2.6532998322843198, 0.0, inf, 1.42828568570857, inf, inf, inf, inf, inf, inf, inf, inf, 3.4641016151377544, inf, inf, inf, 2.4083189157584592, inf, 2.8442925306655784, inf, inf, 3.263433774416144, inf, 0.0, 0.0, inf, 3.5, 5.088221693283421, inf, inf, inf, inf, inf, inf, inf, 4.867237409455183
0.0, 47000.0, 0, 85.6, 88.0, 24.1, inf, inf, inf, 89.0, inf, inf, inf, inf, 88.0, inf, inf, inf, inf, inf, inf, 79.2, inf, inf, inf, inf, inf, inf, inf, inf, 81.1, inf, inf, 87.1, inf, inf, inf, inf, inf, inf, inf, inf, 85.88888888888889, inf, inf, inf, 93.2, inf, 91.4, 94.0, inf, 90.9, inf, 85.0, 87.6, inf, 92.6, 77.9, inf, inf, inf, inf, inf, inf, inf, 79.0, 5.141984052872976, 0.0, 13.14115672229808, inf, inf, inf, 0.0, inf, inf, inf, inf, 0.0, inf, inf, inf, inf, inf, inf, 4.445222154178573, inf, inf, inf, inf, inf, inf, inf, inf, 3.590264614203248, inf, inf, 3.047950130825634, inf, inf, inf, inf, inf, inf, inf, inf, 0.9938079899999066, inf, inf, inf, 2.1354156504062622, inf, 1.2, 2.8284271247461903, inf, 0.9433981132056604, inf, 0.0, 1.2, inf, 1.1135528725660044, 4.928488612140643, inf, inf, inf, inf, inf, inf, inf, 2.9664793948382653
0.0, 48000.0, 0, 88.0, inf, 38.7, inf, inf, inf, inf, inf, 91.0, inf, inf, 85.0, inf, inf, inf, inf, inf, inf, 79.8, inf, inf, inf, inf, inf, inf, inf, inf, 84.8, inf, inf, 87.7, inf, inf, inf, inf, inf, inf, inf, inf, 85.0, inf, inf, inf, 93.6, inf, 92.7, 87.6, inf, 91.0, inf, 77.5, 93.44444444444444, inf, inf, 77.7, inf, inf, inf, inf, inf, inf, inf, 82.8, 2.6832815729997477, inf, 21.739595212422884, inf, inf, inf, inf, inf, 0.0, inf, inf, 0.0, inf, inf, inf, inf, inf, inf, 4.1182520563948, inf, inf, inf, inf, inf, inf, inf, inf, 1.98997487421324, inf, inf, 1.3453624047073711, inf, inf, inf, inf, inf, inf, inf, inf, 0.0, inf, inf, inf, 1.8, inf, 2.1470910553583886, 3.2, inf, 2.0, inf, 3.556683848755748, 3.467663674294941, inf, inf, 5.459853477887479, inf, inf, inf, inf, inf, inf, inf, 6.462197768561405
0.0, 49000.0, 0, 90.0, inf, 23.0, inf, inf, inf, inf, inf, 91.0, inf, inf, inf, inf, inf, inf, inf, inf, inf, 85.0, inf, inf, inf, inf, inf, inf, inf, inf, 95.0, inf, inf, 89.0, inf, inf, inf, inf, inf, inf, inf, inf, 93.0, inf, inf, inf, 95.0, inf, 93.0, inf, inf, inf, inf, 84.0, 95.0, inf, inf, 88.0, inf, inf, inf, inf, inf, inf, inf, 86.0, 0.0, inf, 0.0, inf, inf, inf, inf, inf, 0.0, inf, inf, inf, inf, inf, inf, inf, inf, inf, 0.0, inf, inf, inf, inf, inf, inf, inf, inf, 0.0, inf, inf, 0.0, inf, inf, inf, inf, inf, inf, inf, inf, 0.0, inf, inf, inf, 0.0, inf, 0.0, inf, inf, inf, inf, 0.0, 0.0, inf, inf, 0.0, inf, inf, inf, inf, inf, inf, inf, 0.0
1000.0, 0.0, 0, 46.6, 56.1, 22.1, 55.6, 80.2, 66.9, 60.9, 71.5, 69.4, 82.0, inf, 73.2, 77.4, 83.3, 82.4, 83.4, 80.6, 86.1, 73.3, 88.75, 87.5, 86.9, inf, 90.1, 90.1, 90.0, 82.4, inf, inf, 89.0, inf, 87.0, 88.8, inf, inf, inf, inf, inf, inf, 82.0, inf, inf, inf, inf, inf, inf, inf, 89.5, inf, inf, inf, inf, inf, inf, inf, 89.4, inf, inf, inf, 91.0, inf, 93.0, 88.0, 8.651011501552867, 5.262128846769148, 1.1357816691600546, 5.219195340279955, 3.54400902933387, 3.8845849199110063, 10.624970588194586, 5.277309920783504, 6.16765757804371, 2.898275349237888, inf, 2.4000000000000004, 5.986651818838307, 4.670117771534247, 2.4576411454889016, 1.8, 5.141984052872976, 2.4269322199023193, 3.9, 0.9682458365518543, 3.0740852297878796, 1.374772708486752, inf, 2.3430749027719964, 0.30000000000000004, 0.0, 3.5832945734337835, inf, inf, 0.0, inf, 3.521363372331802, 0.9797958971132712, inf, inf, inf, inf, inf, inf, 0.0, inf, inf, inf, inf, inf, inf, inf, 0.8660254037844386, inf, inf, inf, inf, inf, inf, inf, 2.6907248094147422, inf, inf, inf, 0.0, inf, 0.0, 0.0
1000.0, 1000.0, 0, 49.2, 54.9, 22.1, 58.4, 81.0, 68.5, 60.0, 72.6, 67.4, 85.0, inf, 79.44444444444444, 78.2, 80.2, 81.9, 83.7, 80.4, 77.3, 73.2, 90.2, 86.7, 90.8, inf, 90.8, 93.3, 86.0, 87.5, inf, 89.16666666666667, 91.0, 92.0, 87.5, 90.0, inf, inf, inf, inf, inf, inf, 81.75, inf, 89.0, inf, inf, inf, inf, inf, 89.0, inf, 86.0, inf, inf, inf, inf, inf, 88.3, inf, inf, inf, 91.0, inf, inf, 88.0, 8.316249154516717, 5.539855593785816, 2.118962010041709, 5.3516352641038605, 2.898275349237888, 5.445181356024793, 4.449719092257398, 5.462600113499065, 2.939387691339814, 3.3763886032268267, inf, 2.9101779674908435, 4.5563142999578075, 5.249761899362675, 3.5341194094144583, 2.8653097563788803, 2.727636339397171, 4.196427051671457, 5.81033561853358, 0.4, 1.9519221295943134, 2.4000000000000004, inf, 0.4, 2.5317977802344327, 0.0, 1.5, inf, 4.099457958749615, 0.0, 0.0, 2.202271554554524, 0.0, inf, inf, inf, inf, inf, inf, 0.4330127018922193, inf, 3.0, inf, inf, inf, inf, inf, 0.0, inf, 0.0, inf, inf, inf, inf, inf, 3.8223029707232783, inf, inf, inf, 0.0, inf, inf, 0.0
1000.0, 2000.0, 0, 48.1, 61.6, 21.6, 58.6, 78.1, 68.9, 64.6, 79.7, 67.9, 82.1, 94.0, 72.77777777777777, 77.4, 81.4, 83.0, 84.5, 79.5, 79.4, 70.4, 87.6, 86.0, 85.33333333333333, inf, 85.6, 91.0, 87.8, 84.9, inf, 86.8, 90.0, 92.0, 86.6, inf, inf, inf, 93.88888888888889, inf, inf, inf, 83.6, inf, 88.85714285714286, inf, inf, inf, inf, inf, 86.0, inf, 86.66666666666667, inf, inf, inf, 96.0, inf, 88.7, inf, inf, inf, 94.0, inf, inf, inf, 5.337602458033007, 6.16765757804371, 2.4576411454889016, 5.219195340279955, 3.4481879299133333, 3.8065732621348563, 3.4409301068170506, 4.172529209005013, 3.6728735344413916, 4.109744517606903, 0.0, 1.8121673811444545, 5.219195340279955, 4.521061822182927, 3.847076812334269, 3.5846896657869842, 2.6551836094703507, 1.8, 5.40740233383831, 1.2, 4.0743097574926725, 4.714045207910317, inf, 1.7435595774162693, 0.0, 0.4, 3.3600595232822883, inf, 1.98997487421324, 0.0, 0.0, 3.2, inf, inf, inf, 0.3142696805273545, inf, inf, inf, 4.294182110716777, inf, 2.4743582965269675, inf, inf, inf, inf, inf, 0.0, inf, 0.4714045207910317, inf, inf, inf, 0.0, inf, 2.1, inf, inf, inf, 0.0, inf, inf, inf
1000.0, 3000.0, 0, 44.5, 62.0, 21.4, 61.4, 80.4, 70.3, 64.1, 76.1, 68.7, 83.1, 94.0, 77.3, 73.1, 84.0, 77.6, 82.9, 78.9, 77.9, 74.6, 87.0, 84.4, 88.66666666666667, 94.0, 87.6, 92.5, 87.0, 82.0, inf, 82.1, 95.0, inf, 84.6, 89.0, inf, inf, inf, 91.0, 89.0, inf, 85.4, 84.2, 89.6, inf, inf, inf, inf, inf, 88.1, inf, 89.25, inf, inf, inf, inf, inf, 89.0, inf, inf, inf, 94.0, inf, inf, inf, 5.678908345800274, 5.138093031466052, 1.2, 5.102940328869229, 5.851495535331118, 4.001249804748512, 8.83685464404615, 3.726929030716845, 6.165225056719341, 3.590264614203248, 0.0, 1.4177446878757824, 6.410148204214939, 5.138093031466052, 6.483826030978931, 3.269556544854363, 4.459820624195552, 1.7, 5.388877434122992, 2.1908902300206643, 3.4985711369071804, 2.9814239699997196, 0.0, 3.4698703145794947, 0.806225774829855, 0.0, 1.7320508075688772, inf, 2.467792535850613, 0.0, inf, 2.4166091947189146, 0.0, inf, inf, inf, 0.0, 0.0, inf, 0.4898979485566356, 0.6, 0.916515138991168, inf, inf, inf, inf, inf, 1.374772708486752, inf, 1.299038105676658, inf, inf, inf, inf, inf, 0.0, inf, inf, inf, 0.0, inf, inf, inf
1000.0, 4000.0, 0, 44.0, 61.7, 27.1, 61.4, 78.2, 69.5, 62.0, 74.7, 67.2, 85.2, 92.0, 77.4, 78.7, 80.8, 74.2, 85.0, 78.3, 77.3, 72.6, 85.3, 82.3, 87.0, 93.0, 87.5, 90.7, 85.6, 83.9, inf, 78.0, 88.7, inf, 80.2, 90.88888888888889, inf, inf, inf, inf, 88.1, inf, 81.8, 86.0, 89.0, inf, inf, inf, inf, inf, 89.5, 89.0, 90.0, inf, inf, 83.9, inf, inf, inf, inf, inf, inf, inf, inf, inf, 82.0, 5.272570530585627, 3.7960505792204615, 14.383671297690308, 3.2310988842807027, 3.994996871087636, 5.80086200490927, 6.48074069840786, 4.517742799230607, 5.2497618993626745, 3.893584466786357, 1.4142135623730951, 1.8, 5.423098745182499, 2.1354156504062622, 4.445222154178573, 5.477225575051661, 4.267317658670374, 4.859012245302536, 5.314132102234569, 1.676305461424021, 4.382921400162226, 0.0, 0.0, 3.721558813185679, 2.1, 2.939387691339814, 3.2388269481403293, inf, 0.0, 1.1874342087037917, inf, 3.6, 1.3698697784375502, inf, inf, inf, inf, 0.30000000000000004, inf, 2.749545416973504, 0.0, 0.0, inf, inf, inf, inf, inf, 0.5, 0.0, 0.0, inf, inf, 1.1357816691600546, inf, inf, inf, inf, inf, inf, inf, inf, inf, 0.0
1000.0, 5000.0, 0, 42.6, 62.7, 30.2, 63.8, 75.1, 71.0, 66.9, 81.6, 66.8, 80.3, 91.0, 75.2, 75.0, 83.0, 78.3, 80.7, 80.0, 78.9, 69.7, 91.2, 84.5, 84.33333333333333, 89.4, 87.4, 92.7, 86.4, 79.7, inf, 76.3, 92.0, inf, 85.5, 94.0, inf, inf, inf, inf, 87.0, inf, inf, 90.0, inf, 87.0, inf, inf, inf, inf, 89.0, 92.8, inf, inf, inf, 83.0, inf, 88.0, inf, inf, inf, inf, inf, inf, inf, 82.0, 10.89219904335208, 5.780138406647371, 15.190786681406596, 6.4, 6.394528911499267, 5.585696017507576, 5.52177507691141, 5.122499389946279, 4.975942121849891, 2.238302928559939, 0.0, 1.6, 5.385164807134504, 3.22490309931942, 1.7916472867168918, 2.968164415931166, 6.870225614927067, 3.9862262855989496, 6.1, 2.4, 3.6945906403822333, 1.247219128924647, 0.8, 1.9595917942265424, 1.5524174696260025, 1.9595917942265424, 2.0518284528683193, inf, 0.9, 0.0, inf, 2.7294688127912363, 0.0, inf, inf, inf, inf, 0.0, inf, inf, 0.0, inf, 0.0, inf, inf, inf, inf, 0.0, 2.227105745132009, inf, inf, inf, 0.0, inf, 0.0, inf, inf, inf, inf, inf, inf, inf, 0.0
1000.0, 6000.0, 0, 41.9, 64.1, 27.8, 62.6, 74.0, 70.4, 68.4, 82.9, 63.3, 80.4, 95.0, 72.3, 82.3, 82.2, 78.1, 81.1, 79.7, 74.2, 70.6, 86.0, 85.2, 82.0, 91.3, 84.2, 90.9, 89.5, 81.5, 82.0, 86.6, 89.0, inf, 85.9, inf, inf, inf, inf, 84.25, 84.125, inf, 82.0, 81.0, inf, 88.0, inf, inf, inf, inf, inf, 94.8, inf, inf, inf, 93.0, inf, 88.0, inf, inf, inf, inf, inf, inf, inf, inf, 3.207802986469088, 8.490583018850943, 14.190137420053409, 5.678027826631356, 4.516635916254486, 4.882622246293481, 8.2, 4.369210454990696, 7.668767828015137, 1.3564659966250536, 0.0, 2.6851443164195103, 5.040833264451424, 4.894895300208167, 4.2296571965113205, 3.5341194094144583, 4.026164427839479, 7.45385806143369, 6.232174580353153, 0.0, 3.7629775444453557, 0.0, 0.9, 0.4, 3.014962686336267, 0.8660254037844386, 3.3541019662496847, 0.0, 3.2310988842807027, 0.0, inf, 3.4190641994557516, inf, inf, inf, inf, 1.8540496217739157, 1.6909686573085854, inf, 3.22490309931942, 0.0, inf, 0.0, inf, inf, inf, inf, inf, 1.469693845669907, inf, inf, inf, 0.0, inf, 0.0, inf, inf, inf, inf, inf, inf, inf, inf
1000.0, 7000.0, 0, 48.8, 63.8, 25.7, 67.9, 70.1, 67.3, 65.2, 83.4, 62.9, 79.8, 87.5, 75.4, 82.8, 82.1, 78.0, 81.2, 75.4, 69.6, 69.2, 90.9, 86.3, 86.0, 90.0, 87.4, 88.1, 90.0, 80.0, 82.0, 79.5, 84.0, inf, 85.2, 83.0, inf, inf, inf, 87.3, 82.7, inf, 84.0, 87.7, inf, inf, inf, inf, inf, inf, inf, 91.0, inf, inf, inf, 93.0, inf, inf, inf, inf, inf, inf, inf, inf, inf, inf, 5.706137047074843, 4.28485705712571, 12.853404218338424, 5.61159513863928, 7.647875521999557, 3.925557285278104, 5.8275209137333865, 3.4698703145794942, 7.049113419430843, 3.1874754901018454, 0.5, 3.7202150475476548, 4.64327470649756, 2.5865034312755126, 3.8987177379235853, 4.019950248448356, 3.5270384177096794, 5.180733538795447, 7.152621896899067, 3.207802986469088, 4.075536774462966, 0.0, 0.0, 0.8, 1.7578395831246945, 0.0, 1.6733200530681511, 0.0, 5.389805191284746, 0.0, inf, 3.8157568056677826, 0.0, inf, inf, inf, 3.2264531609803355, 0.458257569495584, inf, 5.403702434442518, 0.458257569495584, inf, inf, inf, inf, inf, inf, inf, 2.23606797749979, inf, inf, inf, 0.0, inf, inf, inf, inf, inf, inf, inf, inf, inf, inf
1000.0, 8000.0, 0, 44.8, 61.8, 31.5, 68.9, 67.7, 67.6, 64.5, 85.125, 65.9, 79.0, 88.5, 72.8, 85.1, 87.8, 81.4, 79.4, 77.9, 71.6, 66.7, 90.0, 87.2, 85.0, 93.0, 86.9, 89.1, 87.5, 77.3, 86.0, 86.1, 88.6, inf, 86.2, 87.6, inf, inf, 89.0, 80.0, 82.0, inf, 81.3, 83.5, inf, inf, inf, inf, inf, inf, inf, 95.0, inf, 93.0, inf, inf, inf, inf, inf, inf, inf, inf, inf, inf, inf, inf, 4.894895300208167, 5.325410782277739, 18.938056922503954, 3.5057096285916205, 4.9, 6.359245238233858, 4.341658669218482, 2.4206145913796355, 5.6471231613982, 3.4351128074635335, 1.5652475842498528, 0.4, 3.6728735344413916, 1.9390719429665315, 5.314132102234569, 4.004996878900157, 5.629387178015028, 6.16765757804371, 7.043436661176133, 2.8284271247461903, 3.789459064299283, 0.0, 0.0, 0.30000000000000004, 0.30000000000000004, 3.5846896657869842, 3.0675723300355937, 0.0, 5.223983154643591, 1.8, inf, 4.019950248448356, 3.1368774282716245, inf, inf, 0.0, 0.0, 0.0, inf, 5.532630477449222, 2.5, inf, inf, inf, inf, inf, inf, inf, 3.1622776601683795, inf, 0.0, inf, inf, inf, inf, inf, inf, inf, inf, inf, inf, inf, inf
1000.0, 9000.0, 0, 55.7, 66.8, 31.8, 67.2, 68.1, 66.9, 69.0, 83.4, 65.5, 91.8, 87.3, 75.9, 85.2, 85.33333333333333, 79.1, 90.5, 77.9, 70.1, 66.6, 85.9, 89.3, 82.4, 87.2, 88.6, 90.7, 85.2, 79.3, 82.0, 81.6, 87.0, inf, 90.8, 87.2, inf, inf, 89.0, 89.0, inf, inf, 83.5, 83.3, inf, 84.0, inf, inf, inf, inf, inf, 97.0, inf, inf, inf, inf, inf, inf, inf, inf, inf, inf, inf, inf, inf, 81.0, 13.069429979918787, 7.386474125047755, 18.290981384277885, 5.617828762075256, 4.948737212663449, 8.395832299420945, 6.387487769068525, 2.1540659228538015, 6.119640512317697, 4.48998886412873, 3.2264531609803355, 1.2206555615733703, 2.6, 4.109609335312651, 1.374772708486752, 4.153311931459037, 3.207802986469088, 5.61159513863928, 7.017121917139534, 2.5865034312755126, 1.7916472867168918, 3.746998799039039, 3.280243893371345, 2.3748684174075834, 2.72213151776324, 1.469693845669907, 4.428317965096905, 2.04939015319192, 2.244994432064365, 0.0, inf, 4.093897898091744, 0.8717797887081347, inf, inf, 0.0, 1.4142135623730951, inf, inf, 4.364630568559039, 2.3259406699226015, inf, 1.4142135623730951, inf, inf, inf, inf, inf, 0.0, inf, inf, inf, inf, inf, inf, inf, inf, inf, inf, inf, inf, inf, 0.0
1000.0, 10000.0, 0, 50.2, 65.5, 28.7, 68.3, 67.1, 61.6, 70.9, 85.3, 61.5, 86.4, 86.8, 78.6, 82.6, 86.9, 83.1, 87.0, 78.6, 65.5, 59.9, 84.2, 89.6, 82.6, 86.3, 85.8, 87.3, 80.2, 77.4, 83.6, 77.7, 87.1, 92.0, 87.0, 86.3, inf, inf, inf, 87.0, 83.0, inf, 78.3, 83.5, inf, 87.5, inf, inf, inf, inf, inf, inf, inf, inf, inf, inf, inf, inf, inf, inf, inf, inf, inf, inf, inf, 81.0, 8.340263784797218, 5.044799302251775, 14.553693689232295, 5.020956084253277, 3.176476034853718, 4.82078831727758, 5.974110812497539, 1.7349351572897471, 4.006245124802026, 2.9393876913398134, 2.181742422927143, 3.2924155266308657, 2.9393876913398134, 1.972308292331602, 3.5341194094144583, 2.1908902300206643, 6.56048778674269, 4.318564576337836, 7.2725511342306834, 3.627671429443411, 3.0397368307141326, 3.0724582991474434, 3.2878564445547194, 3.1559467676119, 2.1, 2.9933259094191533, 5.730619512757761, 2.1540659228538015, 4.148493702538308, 2.1656407827707715, 0.0, 1.6733200530681511, 1.268857754044952, inf, inf, inf, 0.0, 4.58257569495584, inf, 5.675385449465085, 3.9560080889704965, inf, 1.5, inf, inf, inf, inf, inf, inf, inf, inf, inf, inf, inf, inf, inf, inf, inf, inf, inf, inf, inf, 0.0
1000.0, 11000.0, 0, 50.8, 65.4, 27.3, 69.8, 64.9, 59.2, 68.3, 81.6, 63.0, 86.25, 86.6, 74.4, 82.7, 86.0, 79.6, 87.6, 78.5, 63.8, 59.6, 85.4, 88.7, 80.8, 87.3, 86.8, 87.3, 79.2, 72.9, 85.0, 79.3, 85.3, inf, 89.2, 85.9, inf, inf, 92.0, 90.0, 89.0, inf, 78.5, 78.5, inf, 80.8, inf, inf, inf, inf, inf, inf, inf, inf, inf, inf, inf, 95.0, inf, inf, inf, inf, inf, inf, inf, inf, 6.910861017268398, 8.581375181169975, 14.697278659670301, 4.377213725647858, 4.323193264243457, 4.915282290977803, 6.542935121182236, 4.409081537009721, 7.05691150575094, 3.2691742076555053, 2.4576411454889016, 1.2, 3.348133808556641, 0.0, 3.6386810797320503, 3.97994974842648, 5.371219600798314, 5.134199061197374, 5.919459434779497, 4.24735211631906, 3.163858403911275, 4.214261501141095, 2.8301943396169813, 3.9698866482558417, 2.8653097563788807, 1.8330302779823362, 5.028916384272063, 0.0, 4.539823785126467, 2.451530134426253, inf, 2.4413111231467406, 2.071231517720798, inf, inf, 0.0, 0.0, 0.0, inf, 2.7658633371878665, 1.02469507659596, inf, 2.9597297173897483, inf, inf, inf, inf, inf, inf, inf, inf, inf, inf, inf, 0.0, inf, inf, inf, inf, inf, inf, inf, inf
1000.0, 12000.0, 0, 53.0, 57.6, 28.6, 70.7, 65.9, 55.0, 69.0, 87.0, 62.4, 87.7, 87.3, 68.0, 88.7, inf, 83.7, 86.2, 81.2, 64.1, 63.3, 83.5, 89.375, 80.1, 89.5, 81.1, 89.5, 78.8, 72.5, 81.2, 79.2, 85.7, 91.88888888888889, 90.0, 84.5, inf, inf, inf, inf, inf, inf, 79.8, 78.7, inf, 86.3, inf, inf, inf, inf, inf, 95.0, inf, inf, inf, inf, inf, 95.0, inf, inf, inf, inf, inf, inf, inf, inf, 7.974960814950754, 8.272847151978574, 14.547852075134665, 4.859012245302536, 1.6401219466856725, 5.403702434442518, 6.115553940568262, 0.0, 5.5533773507659285, 1.676305461424021, 2.8653097563788807, 4.898979485566356, 1.4177446878757824, inf, 1.004987562112089, 3.1240998703626617, 3.4583232931581165, 6.3, 5.348831648126533, 3.640054944640259, 2.6427968139832467, 4.3, 3.3541019662496847, 2.2561028345356955, 2.9410882339705484, 1.3266499161421599, 6.2008063991709985, 2.891366458960192, 5.946427498927402, 4.796873982084583, 0.7370277311900888, 0.0, 2.9068883707497264, inf, inf, inf, inf, inf, inf, 2.9933259094191533, 3.950949253027682, inf, 3.3778691508109073, inf, inf, inf, inf, inf, 0.0, inf, inf, inf, inf, inf, 0.0, inf, inf, inf, inf, inf, inf, inf, inf
1000.0, 13000.0, 0, 60.4, 62.9, 32.2, 70.4, 69.8, 61.9, 71.7, inf, 58.7, 88.7, 84.7, 75.6, 87.0, inf, 82.2, 86.4, 84.33333333333333, 59.0, 62.0, 84.3, 91.5, 80.9, 83.8, 83.3, 86.9, 82.2, 74.3, 75.625, 75.9, 83.3, 92.2, 92.0, 83.6, inf, inf, inf, inf, inf, inf, 75.5, 78.8, inf, 82.7, 91.4, inf, inf, 93.0, inf, 95.0, inf, inf, inf, inf, inf, inf, inf, inf, inf, inf, inf, inf, inf, inf, 7.1442284397967, 7.020683727387241, 16.957594168985175, 6.102458520956943, 7.794870107962031, 6.9346953790343235, 7.267048919609665, inf, 3.4942810419312296, 2.3259406699226015, 3.2264531609803355, 3.411744421846396, 0.0, inf, 2.6381811916545836, 3.0397368307141326, 1.4907119849998596, 3.40587727318528, 6.511528238439882, 3.3778691508109073, 1.9621416870348585, 3.3896902513356584, 3.893584466786357, 2.6851443164195103, 3.8587562763149474, 3.0919249667480613, 4.960846701924985, 1.653594569415369, 5.374941860150675, 3.0675723300355937, 0.9797958971132712, 2.0, 2.1071307505705477, inf, inf, inf, inf, inf, inf, 4.4777226354476225, 3.026549190084311, inf, 3.8483762809787714, 1.2, inf, inf, 0.0, inf, 0.0, inf, inf, inf, inf, inf, inf, inf, inf, inf, inf, inf, inf, inf, inf
1000.0, 14000.0, 0, 57.8, 62.5, 24.5, 71.9, 68.5, 64.8, 67.0, 88.0, 67.7, 89.3, 80.7, 68.3, inf, 88.0, 80.8, 89.0, 84.1, 61.3, 59.9, 85.6, 91.5, 84.4, 80.8, 85.8, 87.9, 76.9, 74.6, 82.0, 72.4, 84.8, 91.0, 93.0, 82.8, inf, inf, inf, inf, inf, inf, 78.7, 77.4, inf, 87.0, 85.0, inf, 90.0, 94.0, inf, 90.66666666666667, inf, inf, inf, inf, inf, 89.0, inf, inf, inf, inf, inf, inf, inf, 83.0, 4.955804677345546, 6.576473218982953, 1.746424919657298, 4.182104733265296, 3.8275318418009276, 4.214261501141095, 6.29285308902091, 0.0, 7.1700767080973415, 2.8653097563788807, 4.337049688440288, 3.6891733491393435, inf, 0.0, 2.821347195933177, 0.7745966692414834, 3.3, 4.148493702538308, 5.80430874437258, 5.2573757712379665, 2.1563858652847827, 1.7435595774162693, 4.093897898091744, 3.919183588453085, 1.445683229480096, 5.821511831131154, 3.7202150475476548, 4.147288270665544, 3.6660605559646724, 3.8418745424597094, 0.0, 0.0, 3.0594117081556713, inf, inf, inf, inf, inf, inf, 4.243819034784589, 3.2924155266308657, inf, 1.3416407864998738, 0.0, inf, 0.0, 0.0, inf, 1.4907119849998598, inf, inf, inf, inf, inf, 0.0, inf, inf, inf, inf, inf, inf, inf, 0.0
1000.0, 15000.0, 0, 60.1, 64.7, 23.9, 73.9, 64.0, 57.0, 75.1, 81.57142857142857, 72.3, 85.0, 79.3, 72.3, 88.0, 88.0, 78.2, 92.0, 81.0, 62.0, 64.0, 86.9, 95.0, 83.0, 80.9, 88.3, 89.5, 75.6, 77.9, 80.3, 69.6, 84.8, 85.55555555555556, inf, 83.8, inf, inf, inf, inf, inf, inf, 77.5, 77.1, inf, 82.5, 90.9, inf, inf, inf, inf, 92.0, inf, inf, inf, inf, inf, inf, inf, inf, inf, inf, inf, inf, inf, inf, 4.988987873306569, 5.848931526355904, 1.0440306508910548, 4.346262762420146, 5.966573556070519, 6.082762530298219, 3.477067730142742, 4.06578556307363, 3.3778691508109073, 0.0, 2.570992026436488, 7.4973328590906245, 4.898979485566356, 0.0, 3.515679166249389, 0.0, 0.0, 6.308724118235001, 8.318653737234168, 2.5865034312755126, 0.0, 0.0, 3.047950130825634, 1.7916472867168918, 1.746424919657298, 3.1368774282716245, 1.9209372712298547, 3.407345007480164, 5.624944444170094, 4.48998886412873, 1.257078722109418, inf, 2.85657137141714, inf, inf, inf, inf, inf, inf, 6.844705983459042, 3.047950130825634, inf, 2.5, 0.30000000000000004, inf, inf, inf, inf, 0.0, inf, inf, inf, inf, inf, inf, inf, inf, inf, inf, inf, inf, inf, inf
1000.0, 16000.0, 0, 64.4, 65.6, 28.4, 75.7, 66.9, 62.8, 74.3, 79.0, 73.5, inf, 82.0, 67.3, 84.0, 89.0, 86.44444444444444, inf, 80.8, 62.8, 56.0, 88.8, inf, 86.0, 82.8, 89.6, 86.2, 79.7, 78.1, 81.2, 72.7, 85.2, 87.0, inf, 84.3, inf, inf, inf, inf, inf, inf, 73.6, 74.8, inf, 87.9, 89.25, inf, 94.0, inf, inf, 93.6, inf, inf, inf, inf, inf, 83.0, inf, inf, inf, inf, inf, inf, inf, 85.0, 5.6956123463592565, 4.004996878900157, 11.010903686800644, 5.158488150611572, 4.3, 3.1874754901018454, 4.148493702538308, 0.0, 4.410215414239989, inf, 4.381780460041329, 3.874274125562103, 0.0, 0.0, 1.1653431646335017, inf, 1.6, 4.28485705712571, 6.648308055437865, 3.1559467676119, inf, 3.286335345030997, 3.682390527904394, 3.4409301068170506, 1.9390719429665315, 5.404627646748664, 3.7802116342871597, 0.4, 6.679071791798618, 3.059411708155671, 1.61245154965971, inf, 3.2572994949804666, inf, inf, inf, inf, inf, inf, 6.232174580353153, 6.144916598294887, inf, 2.5475478405713994, 1.299038105676658, inf, 0.0, inf, inf, 0.916515138991168, inf, inf, inf, inf, inf, 0.0, inf, inf, inf, inf, inf, inf, inf, 0.0
1000.0, 17000.0, 0, 58.2, 63.5, 30.5, 74.9, 67.1, 70.9, 76.0, 87.0, 76.6, inf, 85.5, 64.2, inf, 89.0, 88.0, inf, 80.0, 61.3, 53.0, 90.9, inf, 86.4, 84.7, 90.1, 88.5, 83.1, 82.0, 81.5, 70.5, 86.0, 89.8, inf, 85.7, inf, inf, inf, inf, inf, inf, 68.8, 78.3, inf, 82.0, 88.0, inf, 91.0, 89.3, inf, 92.8, inf, inf, inf, inf, inf, inf, inf, inf, inf, inf, inf, inf, inf, inf, 5.67097875150313, 3.5846896657869842, 15.213480864023197, 6.564297372910524, 4.182104733265297, 5.682429058070149, 4.494441010848846, 0.0, 5.043808085167397, inf, 3.6124783736376886, 3.2186953878862163, inf, 0.0, 0.5345224838248488, inf, 0.0, 5.25452186216786, 7.3484692283495345, 2.9137604568666933, inf, 1.9595917942265424, 3.8483762809787714, 1.9209372712298547, 1.284523257866513, 3.5341194094144583, 2.6076809620810595, 3.2015621187164243, 4.652956049652737, 3.255764119219941, 1.833030277982336, inf, 3.348133808556641, inf, inf, inf, inf, inf, inf, 5.473572873361603, 2.968164415931166, inf, 2.6076809620810595, 1.7320508075688772, inf, 1.632993161855452, 1.7349351572897471, inf, 2.521904042583698, inf, inf, inf, inf, inf, inf, inf, inf, inf, inf, inf, inf, inf, inf
1000.0, 18000.0, 0, 60.1, 67.0, 25.1, 77.0, 66.1, 74.6, 73.9, 87.0, 77.1, inf, 86.5, 62.0, 92.0, inf, 85.3, inf, 80.0, 65.2, 53.5, 88.2, inf, 87.88888888888889, 88.3, 90.4, 90.5, 85.6, 83.0, 80.5, 69.1, 87.8, 86.3, 98.0, 85.7, inf, inf, inf, inf, inf, inf, 70.5, 78.9, inf, 82.6, 90.6, inf, 91.8, 89.2, inf, 88.8, inf, inf, inf, inf, 90.4, 81.8, inf, inf, inf, inf, inf, inf, inf, inf, 4.346262762420146, 4.024922359499621, 1.3, 6.723094525588644, 5.503635162326805, 4.2, 4.548626166217664, 0.0, 5.629387178015028, inf, 1.5, 4.669047011971501, 0.0, inf, 0.9, inf, 0.0, 5.134199061197375, 7.116881339463234, 2.1354156504062622, inf, 2.1829869671542776, 2.3259406699226015, 2.90516780926679, 1.3601470508735443, 3.746998799039039, 1.3416407864998738, 4.364630568559039, 5.52177507691141, 2.4819347291981715, 3.606937759374287, 0.0, 1.9519221295943134, inf, inf, inf, inf, inf, inf, 6.037383539249433, 3.726929030716845, inf, 2.4576411454889016, 2.4166091947189146, inf, 1.833030277982336, 2.3579652245103193, inf, 2.227105745132009, inf, inf, inf, inf, 1.2, 1.5362291495737217, inf, inf, inf, inf, inf, inf, inf, inf
1000.0, 19000.0, 0, 65.0, 71.8, 32.8, 76.4, 72.3, 73.5, 76.4, inf, 77.0, inf, 85.6, 66.6, 92.0, inf, inf, inf, 80.0, 69.6, 52.0, 87.9, inf, 90.0, 90.0, 90.0, 91.7, 84.8, 85.44444444444444, 79.7, 63.3, 90.2, 88.3, 98.0, 89.2, inf, inf, inf, inf, inf, inf, 74.0, 81.3, inf, 91.0, 87.5, inf, 89.0, 92.0, inf, 89.0, inf, inf, inf, inf, 94.0, 80.2, inf, inf, inf, inf, inf, inf, inf, 87.0, 5.813776741499453, 4.935585071701227, 14.119490075778232, 3.2, 3.2878564445547194, 5.333854141237834, 4.673328578219169, inf, 1.8439088914585775, inf, 3.6110940170535577, 7.0738956735309575, 0.0, inf, inf, inf, 0.0, 5.023942674832188, 7.05691150575094, 2.5475478405713994, inf, 0.0, 3.4641016151377544, 2.449489742783178, 1.6155494421403511, 1.833030277982336, 1.892154040658489, 3.925557285278104, 4.124318125460256, 1.7204650534085253, 1.6155494421403511, 0.0, 4.28485705712571, inf, inf, inf, inf, inf, inf, 6.148170459575759, 3.661966684720111, inf, 0.0, 1.02469507659596, inf, 0.0, 0.0, inf, 2.0, inf, inf, inf, inf, 0.0, 5.5641710972974225, inf, inf, inf, inf, inf, inf, inf, 0.0
1000.0, 20000.0, 0, 66.4, 73.6, 35.8, 80.7, 68.0, 76.3, 80.2, inf, 81.3, inf, 82.0, 58.6, inf, 93.0, inf, inf, inf, 72.3, 47.4, 85.0, inf, inf, 93.0, 87.0, 89.0, 86.9, 86.4, 79.0, 63.6, 89.0, 85.9, inf, 93.0, inf, inf, inf, inf, inf, inf, 72.2, 86.1, inf, 87.55555555555556, 85.6, inf, 90.66666666666667, 92.77777777777777, inf, 90.0, inf, 86.0, inf, inf, inf, 82.3, inf, inf, inf, inf, inf, inf, inf, 87.0, 5.642694391866354, 6.2960304954788775, 2.3151673805580453, 4.817675788178362, 6.6932802122726045, 5.367494760127857, 5.582114294781145, inf, 4.648655719667784, inf, 0.0, 5.6956123463592565, inf, 0.0, inf, inf, inf, 4.001249804748511, 4.386342439892261, 0.0, inf, inf, 0.0, 0.0, 0.0, 2.118962010041709, 1.9595917942265424, 4.123105625617661, 7.310266752998826, 0.0, 0.30000000000000004, inf, 0.0, inf, inf, inf, inf, inf, inf, 4.556314299957807, 3.176476034853718, inf, 1.5713484026367723, 3.5832945734337835, inf, 0.9428090415820634, 0.41573970964154905, inf, 0.0, inf, 0.0, inf, inf, inf, 0.9, inf, inf, inf, inf, inf, inf, inf, 0.0
1000.0, 21000.0, 0, 71.3, 75.7, 35.3, 77.5, 69.2, 76.3, 82.3, inf, 81.5, inf, 91.6, 62.3, inf, 93.0, inf, inf, 88.0, 72.6, 47.3, 92.85714285714286, inf, inf, 92.8, 91.0, inf, inf, 86.8, 76.9, 67.3, inf, 85.4, inf, inf, inf, inf, inf, inf, inf, inf, 71.7, 86.7, inf, 89.0, 90.3, inf, 88.33333333333333, 91.7, inf, 90.0, inf, 86.0, inf, inf, inf, 83.4, inf, inf, inf, inf, inf, inf, inf, 86.2, 5.831809324729333, 5.020956084253277, 2.2825424421026654, 4.006245124802026, 5.325410782277739, 1.6155494421403511, 4.473253849269008, inf, 4.364630568559039, inf, 2.1071307505705477, 7.483982896827063, inf, 0.0, inf, inf, 0.0, 5.851495535331118, 2.570992026436488, 0.989743318610787, inf, inf, 2.5612496949731396, 3.4641016151377544, inf, inf, 1.833030277982336, 4.6141087980237305, 5.797413216254298, inf, 0.4898979485566356, inf, inf, inf, inf, inf, inf, inf, inf, 6.783067152844648, 0.6403124237432849, inf, 0.0, 3.3181320046074116, inf, 0.6666666666666667, 0.458257569495584, inf, 0.0, inf, 0.0, inf, inf, inf, 3.4698703145794947, inf, inf, inf, inf, inf, inf, inf, 3.6
1000.0, 22000.0, 0, 68.8, 76.7, 38.4, 80.4, 73.2, 80.1, 84.2, inf, 82.4, inf, 90.0, 60.8, inf, inf, inf, inf, 88.0, 71.4, 51.3, 94.0, inf, inf, 94.44444444444444, 89.5, 90.83333333333333, 88.0, 87.0, 72.4, 66.1, inf, 84.2, inf, inf, inf, inf, inf, inf, inf, inf, 65.4, 84.0, inf, 82.44444444444444, 90.5, inf, 90.0, 94.0, inf, 95.11111111111111, inf, inf, inf, inf, inf, 79.9, inf, inf, inf, inf, inf, inf, inf, 79.0, 4.64327470649756, 7.014983962918233, 2.615339366124404, 2.009975124224178, 6.128621378417825, 3.8587562763149474, 2.6381811916545836, inf, 1.8547236990991407, inf, 0.0, 4.770744176750625, inf, inf, inf, inf, 0.0, 3.7735924528226414, 7.239475119095307, 0.0, inf, inf, 2.454524670486058, 0.8660254037844386, 0.37267799624996495, 0.0, 0.0, 4.152107898405339, 4.5265881191025095, inf, 2.181742422927143, inf, inf, inf, inf, inf, inf, inf, inf, 5.083306010855534, 0.0, inf, 2.7125679146074897, 1.3601470508735443, inf, 0.0, 1.3416407864998738, inf, 0.3142696805273545, inf, inf, inf, inf, inf, 2.8792360097775935, inf, inf, inf, inf, inf, inf, inf, 0.0
1000.0, 23000.0, 0, 71.3, 79.6, 37.6, 83.6, 75.5, 81.5, 80.1, inf, 82.2, inf, 90.83333333333333, 60.3, inf, inf, inf, inf, inf, 73.2, 46.0, inf, inf, inf, 93.1, 91.75, 91.66666666666667, 88.77777777777777, 87.0, 69.2, 67.5, inf, 81.2, inf, 95.4, inf, inf, inf, inf, inf, inf, 65.3, inf, inf, 88.0, 83.2, inf, 92.42857142857143, 96.2, inf, 92.8, inf, inf, inf, inf, inf, 79.1, inf, inf, inf, inf, inf, inf, inf, 88.2, 4.69148164229596, 4.363484845854286, 2.244994432064365, 3.3823069050575527, 4.522167621838006, 3.3541019662496847, 2.211334438749598, inf, 3.249615361854384, inf, 1.8633899812498247, 3.8483762809787714, inf, inf, inf, inf, inf, 6.241794613730894, 7.8230428862431785, inf, inf, inf, 1.1357816691600546, 0.6614378277661477, 0.4714045207910317, 0.41573970964154905, 0.0, 5.929586832149437, 4.759201613716317, inf, 0.4, inf, 1.9595917942265424, inf, inf, inf, inf, inf, inf, 3.3181320046074116, inf, inf, 2.211083193570267, 3.340658617698013, inf, 1.3997084244475304, 1.6, inf, 1.469693845669907, inf, inf, inf, inf, inf, 5.448853090330111, inf, inf, inf, inf, inf, inf, inf, 3.0919249667480613
1000.0, 24000.0, 0, 73.6, 79.6, 35.5, 86.2, 79.3, 87.0, 78.2, inf, 79.5, inf, 96.0, 59.7, inf, inf, inf, inf, inf, 74.1, 37.3, inf, inf, inf, 94.0, 92.0, 92.0, 89.0, inf, 65.5, 63.3, inf, 83.9, inf, 97.0, inf, inf, inf, inf, inf, inf, 66.8, inf, inf, 89.0, 83.8, inf, 84.9, 89.44444444444444, inf, 89.6, inf, inf, inf, inf, 92.0, 80.2, inf, inf, inf, inf, inf, inf, inf, 85.8, 4.841487374764082, 5.388877434122992, 1.8027756377319946, 4.48998886412873, 1.9, 4.358898943540674, 3.026549190084311, inf, 4.631414470763764, inf, 0.8944271909999159, 5.367494760127856, inf, inf, inf, inf, inf, 1.1357816691600546, 5.119570294468081, inf, inf, inf, 1.1547005383792515, 0.0, 0.0, 0.0, inf, 4.863126566315131, 3.0016662039607267, inf, 1.6401219466856725, inf, 0.0, inf, inf, inf, inf, inf, inf, 4.4, inf, inf, 0.0, 3.7363083384538807, inf, 2.7, 0.8314794192830981, inf, 2.870540018881465, inf, inf, inf, inf, 0.0, 3.627671429443411, inf, inf, inf, inf, inf, inf, inf, 0.9797958971132712
1000.0, 25000.0, 0, 75.0, 81.2, 36.6, 82.9, 80.4, 82.2, 83.4, inf, 83.2, inf, 94.0, 57.5, inf, inf, inf, inf, inf, 75.2, 46.3, inf, inf, inf, 93.0, inf, inf, inf, inf, 64.1, 67.8, inf, 85.6, inf, inf, inf, inf, inf, inf, inf, inf, 59.7, inf, inf, inf, 80.2, inf, inf, 84.0, inf, 90.0, inf, inf, inf, inf, inf, 82.0, inf, inf, inf, inf, inf, inf, inf, 85.3, 3.63318042491699, 5.74108003776293, 2.870540018881465, 1.8681541692269403, 4.651881339845203, 2.2715633383201093, 1.8, inf, 3.9191835884530852, inf, 0.0, 4.318564576337836, inf, inf, inf, inf, inf, 3.944616584663204, 4.124318125460256, inf, inf, inf, 0.0, inf, inf, inf, inf, 4.678675026115834, 6.193545026880809, inf, 4.651881339845203, inf, inf, inf, inf, inf, inf, inf, inf, 4.290687590584987, inf, inf, inf, 3.3704599092705436, inf, inf, 0.0, inf, 2.1908902300206643, inf, inf, inf, inf, inf, 4.0743097574926725, inf, inf, inf, inf, inf, inf, inf, 2.6476404589747453
1000.0, 26000.0, 0, 75.4, 79.7, 38.5, 85.3, 77.8, 79.5, 84.0, inf, 82.55555555555556, inf, 94.0, 58.7, inf, inf, inf, inf, inf, 76.3, 41.4, inf, inf, inf, 96.0, inf, inf, inf, inf, 63.6, 69.1, inf, 82.8, inf, inf, inf, inf, inf, inf, inf, inf, 67.7, inf, inf, inf, 73.6, inf, inf, 93.0, inf, 91.11111111111111, inf, inf, inf, inf, 86.0, 76.6, inf, inf, inf, inf, inf, inf, inf, 78.5, 2.973213749463701, 3.4655446902326914, 2.6551836094703507, 4.1000000000000005, 2.925747767665559, 2.140872096444188, 0.0, inf, 2.671292284482513, inf, 0.0, 3.7960505792204615, inf, inf, inf, inf, inf, 5.640035460881429, 5.9531504264548865, inf, inf, inf, 0.0, inf, inf, inf, inf, 5.370288632839021, 2.6248809496813372, inf, 2.3579652245103193, inf, inf, inf, inf, inf, inf, inf, inf, 4.583666654546336, inf, inf, inf, 2.870540018881465, inf, inf, 0.0, inf, 0.3142696805273545, inf, inf, inf, inf, 0.0, 5.102940328869229, inf, inf, inf, inf, inf, inf, inf, 4.364630568559039
1000.0, 27000.0, 0, 72.4, 82.6, 39.2, 85.0, 79.5, 83.5, 83.3, inf, 81.2, inf, 94.0, 61.4, inf, inf, inf, inf, inf, 75.6, 41.7, inf, inf, inf, 96.0, inf, inf, 92.0, inf, 60.8, 70.2, inf, 83.4, inf, inf, inf, inf, inf, inf, inf, inf, 67.2, inf, inf, inf, 75.4, inf, inf, inf, inf, 91.0, inf, inf, inf, inf, 86.0, 82.4, inf, inf, inf, inf, inf, inf, inf, 83.4, 6.514598989960932, 3.666060555964672, 1.5362291495737217, 4.171330722922842, 2.1563858652847827, 3.8275318418009276, 2.1, inf, 2.3579652245103193, inf, 0.0, 5.76541412215983, inf, inf, inf, inf, inf, 3.6386810797320503, 4.670117771534247, inf, inf, inf, 0.0, inf, inf, 0.0, inf, 6.079473661428265, 5.861740355901138, inf, 2.835489375751565, inf, inf, inf, inf, inf, inf, inf, inf, 3.8157568056677826, inf, inf, inf, 4.6303347611160905, inf, inf, inf, inf, 0.0, inf, inf, inf, inf, 0.0, 4.24735211631906, inf, inf, inf, inf, inf, inf, inf, 1.4966629547095764
1000.0, 28000.0, 0, 73.0, 81.3, 34.8, 86.3, 77.5, 88.0, 84.0, inf, 82.1, inf, inf, 61.7, inf, inf, inf, inf, inf, 75.8, 51.0, inf, inf, inf, inf, inf, inf, 92.0, inf, 64.8, 73.8, inf, 81.4, inf, inf, inf, inf, inf, inf, inf, inf, 65.2, inf, inf, inf, 76.1, inf, inf, 93.9, inf, 95.0, inf, inf, inf, inf, inf, 78.8, inf, inf, inf, inf, inf, inf, inf, 80.9, 3.22490309931942, 4.428317965096905, 2.7856776554368237, 2.4919871588754225, 2.8722813232690143, 0.0, 0.0, inf, 2.211334438749598, inf, inf, 3.6891733491393435, inf, inf, inf, inf, inf, 3.1874754901018454, 6.371812928829597, inf, inf, inf, inf, inf, inf, 0.0, inf, 5.2115256883181535, 5.1536394906900505, inf, 2.1071307505705477, inf, inf, inf, inf, inf, inf, inf, inf, 2.749545416973504, inf, inf, inf, 4.437341546466758, inf, inf, 2.071231517720798, inf, 0.0, inf, inf, inf, inf, inf, 3.944616584663204, inf, inf, inf, inf, inf, inf, inf, 2.467792535850613
1000.0, 29000.0, 0, 77.8, 85.0, 33.4, 87.2, 82.6, 87.0, inf, inf, 89.0, inf, inf, 63.5, inf, inf, inf, inf, inf, 84.1, 54.7, inf, inf, inf, inf, inf, inf, inf, inf, 63.0, 71.7, inf, 80.4, inf, inf, inf, inf, inf, inf, inf, inf, 67.2, inf, inf, inf, 71.9, inf, inf, 96.0, inf, 95.0, inf, inf, inf, inf, inf, 74.4, inf, inf, inf, inf, inf, inf, inf, 79.0, 2.925747767665559, 2.280350850198276, 1.2806248474865698, 3.4292856398964493, 1.2, 0.0, inf, inf, 0.0, inf, inf, 4.224926034855522, inf, inf, inf, inf, inf, 5.3563046963368315, 5.441507144165116, inf, inf, inf, inf, inf, inf, inf, inf, 6.884765791223402, 6.928924880528003, inf, 3.8522720568516444, inf, inf, inf, inf, inf, inf, inf, inf, 7.413501197140255, inf, inf, inf, 3.1128764832546763, inf, inf, 0.0, inf, 0.0, inf, inf, inf, inf, inf, 6.575712889109439, inf, inf, inf, inf, inf, inf, inf, 3.605551275463989
1000.0, 30000.0, 0, 76.1, 78.9, 37.0, 83.0, 81.0, 89.0, inf, inf, inf, inf, inf, 62.7, inf, inf, inf, inf, inf, 81.0, 59.3, inf, inf, inf, inf, inf, inf, inf, inf, 59.5, 72.6, inf, 76.9, inf, inf, inf, inf, inf, inf, inf, inf, 67.5, 95.0, inf, inf, 73.3, inf, inf, inf, inf, inf, inf, inf, inf, inf, inf, 68.1, inf, inf, inf, inf, inf, inf, inf, 78.7, 4.036087214122113, 3.477067730142742, 2.7202941017470885, 0.0, 5.458937625582473, 0.0, inf, inf, inf, inf, inf, 5.478138369920935, inf, inf, inf, inf, inf, 0.0, 6.116371473349211, inf, inf, inf, inf, inf, inf, inf, inf, 7.200694410957877, 3.746998799039039, inf, 2.7367864366808017, inf, inf, inf, inf, inf, inf, inf, inf, 4.904079934095692, 0.0, inf, inf, 3.551056180912941, inf, inf, inf, inf, inf, inf, inf, inf, inf, inf, 3.477067730142742, inf, inf, inf, inf, inf, inf, inf, 6.466065264130885
1000.0, 31000.0, 0, 70.6, 81.55555555555556, 36.5, inf, 80.2, 83.0, inf, inf, inf, inf, inf, 57.0, inf, inf, inf, inf, inf, 87.0, 58.5, inf, inf, inf, inf, inf, inf, inf, inf, 58.4, 75.7, inf, 78.8, inf, inf, inf, inf, inf, inf, inf, inf, 62.4, inf, inf, inf, 72.4, inf, inf, inf, inf, inf, inf, inf, inf, inf, inf, 72.2, inf, inf, inf, inf, inf, inf, inf, 78.1, 1.9595917942265424, 2.454524670486058, 2.80178514522438, inf, 5.249761899362675, 0.0, inf, inf, inf, inf, inf, 5.60357029044876, inf, inf, inf, inf, inf, 1.5491933384829668, 4.944694126030447, inf, inf, inf, inf, inf, inf, inf, inf, 8.788629017087933, 6.856383886568779, inf, 3.1874754901018454, inf, inf, inf, inf, inf, inf, inf, inf, 5.276362383309167, inf, inf, inf, 4.651881339845203, inf, inf, inf, inf, inf, inf, inf, inf, inf, inf, 5.1536394906900505, inf, inf, inf, inf, inf, inf, inf, 5.204805471869242
1000.0, 32000.0, 0, 77.0, 85.7, 35.1, inf, 80.0, inf, inf, inf, inf, inf, inf, 61.5, inf, inf, inf, inf, inf, 84.55555555555556, 62.7, inf, inf, inf, inf, inf, inf, inf, inf, 59.8, 71.5, inf, 78.8, inf, inf, inf, inf, inf, inf, inf, inf, 69.0, inf, inf, inf, 72.3, inf, inf, inf, inf, 94.875, inf, inf, inf, inf, 96.0, 66.0, inf, inf, inf, inf, inf, inf, inf, 72.9, 3.8987177379235853, 2.4103941586387903, 2.211334438749598, inf, 2.3664319132398464, inf, inf, inf, inf, inf, inf, 4.272001872658765, inf, inf, inf, inf, inf, 2.3622546250521443, 4.920365840057018, inf, inf, inf, inf, inf, inf, inf, inf, 6.289674077406556, 5.886425061104575, inf, 2.891366458960192, inf, inf, inf, inf, inf, inf, inf, inf, 3.794733192202055, inf, inf, inf, 3.7960505792204615, inf, inf, inf, inf, 0.33071891388307384, inf, inf, inf, inf, 0.0, 7.127411872482185, inf, inf, inf, inf, inf, inf, inf, 5.664803615307419
1000.0, 33000.0, 0, 77.4, 86.7, 34.2, 88.0, 81.6, inf, inf, inf, inf, inf, inf, 65.9, inf, inf, inf, inf, inf, 84.77777777777777, 64.4, inf, inf, inf, inf, inf, inf, inf, inf, 58.9, 77.4, inf, 77.1, inf, inf, inf, inf, inf, inf, inf, inf, 71.9, inf, inf, inf, 75.5, inf, inf, inf, inf, 95.0, inf, inf, inf, inf, inf, 59.3, inf, inf, inf, inf, inf, inf, inf, 74.0, 3.4409301068170506, 1.8466185312619388, 1.9390719429665315, 0.0, 1.2806248474865698, inf, inf, inf, inf, inf, inf, 4.036087214122113, inf, inf, inf, inf, inf, 0.41573970964154905, 5.141984052872976, inf, inf, inf, inf, inf, inf, inf, inf, 5.3188344587888805, 3.4698703145794942, inf, 3.3, inf, inf, inf, inf, inf, inf, inf, inf, 4.3920382511995495, inf, inf, inf, 4.341658669218482, inf, inf, inf, inf, 0.0, inf, inf, inf, inf, inf, 3.6345563690772495, inf, inf, inf, inf, inf, inf, inf, 4.919349550499537
1000.0, 34000.0, 0, 81.6, 85.66666666666667, 32.6, inf, 79.0, 81.28571428571429, inf, inf, inf, inf, inf, 66.3, inf, inf, inf, inf, inf, 80.3, 61.2, inf, inf, inf, inf, inf, inf, inf, inf, 59.0, 76.4, inf, 75.3, inf, inf, inf, inf, inf, inf, inf, inf, 76.9, inf, inf, inf, 74.3, inf, inf, inf, inf, inf, inf, inf, inf, inf, 95.4, 60.8, inf, inf, inf, inf, inf, inf, inf, 71.6, 2.4979991993593593, 0.7453559924999299, 1.42828568570857, inf, 1.4142135623730951, 3.1493439550069433, inf, inf, inf, inf, inf, 7.376313442364011, inf, inf, inf, inf, inf, 5.273518749374084, 6.968500556073739, inf, inf, inf, inf, inf, inf, inf, inf, 7.523297149521611, 3.9293765408777, inf, 3.7429934544425802, inf, inf, inf, inf, inf, inf, inf, inf, 2.2561028345356955, inf, inf, inf, 4.450842616853577, inf, inf, inf, inf, inf, inf, inf, inf, inf, 0.8, 7.372923436466705, inf, inf, inf, inf, inf, inf, inf, 3.8781438859330635
1000.0, 35000.0, 0, 80.3, 84.5, 32.6, inf, 78.8, 80.0, inf, inf, inf, inf, inf, 68.3, inf, inf, inf, inf, inf, 79.57142857142857, 63.8, inf, inf, inf, inf, inf, inf, inf, inf, 61.7, 76.0, inf, 72.9, inf, inf, inf, inf, inf, inf, inf, inf, 74.9, inf, inf, inf, 77.0, inf, inf, inf, inf, inf, inf, inf, inf, inf, inf, 48.9, inf, inf, inf, inf, inf, inf, inf, 67.2, 7.457211275000863, 3.721558813185679, 2.1071307505705477, inf, 0.4, 0.0, inf, inf, inf, inf, inf, 4.196427051671457, inf, inf, inf, inf, inf, 1.0497813183356477, 3.8157568056677826, inf, inf, inf, inf, inf, inf, inf, inf, 6.664082832618455, 5.639148871948674, inf, 2.9816103031751147, inf, inf, inf, inf, inf, inf, inf, inf, 3.6728735344413916, inf, inf, inf, 3.40587727318528, inf, inf, inf, inf, inf, inf, inf, inf, inf, inf, 4.635730794599704, inf, inf, inf, inf, inf, inf, inf, 5.134199061197374
1000.0, 36000.0, 0, 80.3, 82.3, 33.0, inf, 80.66666666666667, inf, inf, inf, inf, inf, inf, 69.0, inf, inf, inf, inf, inf, 80.0, 64.1, inf, inf, inf, inf, inf, inf, inf, inf, 66.8, 79.3, inf, 78.3, inf, inf, inf, inf, inf, inf, inf, inf, 75.6, inf, inf, inf, 77.2, inf, 94.5, inf, inf, 91.6, inf, inf, inf, inf, inf, 65.0, inf, inf, inf, inf, inf, inf, inf, 60.7, 1.9519221295943134, 3.5791060336346563, 2.04939015319192, inf, 1.4907119849998598, inf, inf, inf, inf, inf, inf, 2.6457513110645907, inf, inf, inf, inf, inf, 0.0, 4.784349485562275, inf, inf, inf, inf, inf, inf, inf, inf, 5.688585061331157, 2.9, inf, 2.968164415931166, inf, inf, inf, inf, inf, inf, inf, inf, 5.902541825349482, inf, inf, inf, 3.736308338453881, inf, 1.118033988749895, inf, inf, 0.916515138991168, inf, inf, inf, inf, inf, 6.308724118235001, inf, inf, inf, inf, inf, inf, inf, 7.211795892841117
1000.0, 37000.0, 0, 81.4, 85.1, 32.9, inf, 82.0, inf, inf, inf, inf, inf, inf, 70.5, inf, inf, inf, inf, inf, inf, 67.2, inf, inf, inf, inf, inf, inf, inf, inf, 70.1, 83.2, inf, 79.1, inf, inf, inf, inf, 95.3, inf, inf, inf, 76.2, inf, inf, inf, 81.1, inf, 89.5, inf, inf, 87.6, inf, 89.8, 83.1, inf, 92.0, 66.9, inf, inf, 84.0, inf, inf, inf, inf, 56.9, 4.223742416388575, 3.3600595232822883, 1.3, inf, 0.0, inf, inf, inf, inf, inf, inf, 3.3241540277189325, inf, inf, inf, inf, inf, inf, 5.3814496188294845, inf, inf, inf, inf, inf, inf, inf, inf, 5.821511831131154, 6.477653896280659, inf, 2.1656407827707715, inf, inf, inf, inf, 0.458257569495584, inf, inf, inf, 3.893584466786357, inf, inf, inf, 2.808914381037628, inf, 3.774917217635375, inf, inf, 3.411744421846396, inf, 1.8330302779823362, 1.044030650891055, inf, 0.0, 5.262128846769148, inf, inf, 0.0, inf, inf, inf, inf, 5.107837115648853
1000.0, 38000.0, 0, 83.9, 85.8, 33.5, inf, inf, inf, inf, inf, inf, inf, inf, 73.7, inf, inf, inf, inf, inf, inf, 68.4, inf, inf, inf, inf, inf, inf, inf, inf, 72.6, 80.4, inf, 81.1, inf, inf, inf, inf, 90.8, inf, inf, inf, 79.5, inf, inf, inf, 83.9, inf, 91.2, 86.0, inf, 90.3, inf, 79.0, 84.2, inf, 88.5, 77.5, inf, inf, 86.0, inf, inf, inf, inf, 58.2, 4.060788100849391, 2.3579652245103193, 1.8027756377319946, inf, inf, inf, inf, inf, inf, inf, inf, 4.050925820105819, inf, inf, inf, inf, inf, inf, 5.102940328869229, inf, inf, inf, inf, inf, inf, inf, inf, 5.141984052872976, 5.96992462263972, inf, 2.6248809496813372, inf, inf, inf, inf, 2.85657137141714, inf, inf, inf, 3.138470965295043, inf, inf, inf, 2.7367864366808017, inf, 2.9597297173897483, 0.0, inf, 1.004987562112089, inf, 0.0, 3.7894590642992836, inf, 1.5, 5.73149195236284, inf, inf, 3.082207001484488, inf, inf, inf, inf, 6.095900261651268
1000.0, 39000.0, 0, 82.1, 85.5, 35.0, 81.0, inf, inf, inf, inf, inf, inf, inf, 77.4, inf, inf, inf, inf, inf, inf, 69.7, inf, inf, inf, inf, inf, inf, inf, inf, 74.3, 81.33333333333333, inf, 79.4, inf, inf, inf, inf, 89.5, inf, inf, inf, 80.1, inf, inf, inf, 84.3, inf, 91.1, 87.0, inf, 91.4, inf, 85.0, 82.3, inf, 89.0, 72.1, inf, inf, 86.0, inf, inf, inf, inf, 58.8, 3.3600595232822883, 3.2015621187164243, 2.280350850198276, 0.0, inf, inf, inf, inf, inf, inf, inf, 2.690724809414742, inf, inf, inf, inf, inf, inf, 4.539823785126467, inf, inf, inf, inf, inf, inf, inf, inf, 5.1778373863998475, 1.4907119849998598, inf, 2.727636339397171, inf, inf, inf, inf, 2.179449471770337, inf, inf, inf, 3.419064199455752, inf, inf, inf, 3.661966684720111, inf, 1.044030650891055, 0.0, inf, 1.7435595774162693, inf, 0.0, 1.6155494421403511, inf, 0.0, 6.284106937345991, inf, inf, 0.0, inf, inf, inf, inf, 4.166533331199932
1000.0, 40000.0, 0, 85.4, 85.1, 35.2, inf, 78.0, inf, inf, inf, inf, inf, inf, 73.1, inf, inf, inf, inf, inf, inf, 70.3, inf, inf, inf, inf, inf, inf, inf, inf, 75.3, 79.7, inf, 83.9, inf, inf, inf, inf, 88.8, inf, inf, inf, 83.1, inf, inf, inf, 86.4, inf, 92.9, 87.0, inf, 88.8, inf, inf, 92.3, inf, 91.0, 75.5, inf, inf, inf, inf, inf, inf, inf, 68.6, 2.4166091947189146, 2.773084924772409, 0.8717797887081347, inf, 0.0, inf, inf, inf, inf, inf, inf, 4.763402145525822, inf, inf, inf, inf, inf, inf, 5.21632054229799, inf, inf, inf, inf, inf, inf, inf, inf, 4.980963762164908, 5.831809324729334, inf, 4.060788100849391, inf, inf, inf, inf, 1.6, inf, inf, inf, 3.8065732621348563, inf, inf, inf, 2.90516780926679, inf, 1.374772708486752, 0.0, inf, 0.9797958971132712, inf, inf, 0.458257569495584, inf, 0.0, 6.407027391856539, inf, inf, inf, inf, inf, inf, inf, 5.919459434779497
1000.0, 41000.0, 0, 80.7, 84.2, 33.4, inf, 78.0, inf, inf, inf, inf, inf, inf, 74.6, inf, inf, inf, inf, inf, 93.0, 73.3, inf, inf, inf, inf, inf, inf, inf, inf, 72.6, 82.4, inf, 82.5, inf, inf, inf, inf, inf, inf, inf, inf, 79.4, inf, inf, inf, 91.5, inf, 92.0, inf, inf, 88.0, inf, inf, inf, inf, inf, 73.3, inf, inf, inf, inf, inf, inf, inf, 68.7, 2.8653097563788803, 4.190465367951393, 2.0591260281974, inf, 0.0, inf, inf, inf, inf, inf, inf, 2.727636339397171, inf, inf, inf, inf, inf, 0.0, 5.1, inf, inf, inf, inf, inf, inf, inf, inf, 4.2708313008125245, 3.97994974842648, inf, 2.1095023109728985, inf, inf, inf, inf, inf, inf, inf, inf, 2.727636339397171, inf, inf, inf, 3.774917217635375, inf, 0.0, inf, inf, 0.0, inf, inf, inf, inf, inf, 3.661966684720111, inf, inf, inf, inf, inf, inf, inf, 3.9
1000.0, 42000.0, 0, 80.7, 86.0, 33.4, 88.0, inf, inf, inf, inf, inf, inf, inf, 74.7, inf, inf, inf, inf, inf, 93.0, 73.7, inf, inf, inf, inf, inf, inf, inf, inf, 77.0, 78.5, inf, 85.2, inf, inf, inf, inf, 93.0, inf, inf, inf, 82.9, inf, inf, inf, 89.9, inf, inf, inf, inf, inf, inf, inf, inf, inf, 95.2, 67.2, inf, inf, inf, inf, inf, inf, inf, 71.4, 3.257299494980466, 2.0, 1.6852299546352718, 0.0, inf, inf, inf, inf, inf, inf, inf, 1.1, inf, inf, inf, inf, inf, 0.0, 3.348133808556641, inf, inf, inf, inf, inf, inf, inf, inf, 3.7682887362833544, 1.02469507659596, inf, 2.821347195933177, inf, inf, inf, inf, 0.0, inf, inf, inf, 4.2059481689626175, inf, inf, inf, 3.590264614203248, inf, inf, inf, inf, inf, inf, inf, inf, inf, 0.9797958971132712, 3.867815921162743, inf, inf, inf, inf, inf, inf, inf, 3.9547439866570375
1000.0, 43000.0, 0, 85.6, 89.71428571428571, 34.7, 88.0, inf, 92.0, inf, inf, inf, inf, inf, 77.2, inf, inf, inf, inf, inf, inf, 76.5, inf, inf, inf, inf, inf, inf, inf, inf, 84.4, 85.2, inf, 87.2, inf, inf, inf, inf, 93.0, inf, inf, inf, 87.0, inf, inf, inf, 89.9, inf, inf, inf, inf, inf, inf, inf, 92.0, inf, 94.0, 62.9, inf, inf, inf, inf, inf, inf, inf, 78.8, 3.261901286060018, 0.6998542122237652, 1.5524174696260025, 0.0, inf, 0.0, inf, inf, inf, inf, inf, 6.013318551349164, inf, inf, inf, inf, inf, inf, 5.044799302251775, inf, inf, inf, inf, inf, inf, inf, inf, 3.7202150475476548, 5.67097875150313, inf, 2.749545416973504, inf, inf, inf, inf, 0.0, inf, inf, inf, 0.0, inf, inf, inf, 3.590264614203248, inf, inf, inf, inf, inf, inf, inf, 0.0, inf, 0.0, 5.243090691567332, inf, inf, inf, inf, inf, inf, inf, 5.035871324805669
1000.0, 44000.0, 0, 81.5, 88.0, 34.6, inf, inf, 92.0, inf, inf, inf, inf, inf, 79.9, inf, inf, inf, inf, inf, inf, 78.6, inf, inf, inf, inf, inf, inf, inf, inf, 80.9, 81.9, inf, 82.9, inf, inf, inf, inf, inf, inf, inf, inf, 84.1, inf, inf, inf, 92.0, inf, inf, inf, inf, inf, inf, inf, 92.0, inf, inf, 64.6, inf, inf, inf, inf, inf, inf, inf, 78.2, 3.3241540277189325, 0.0, 2.154065922853802, inf, inf, 0.0, inf, inf, inf, inf, inf, 4.763402145525822, inf, inf, inf, inf, inf, inf, 4.223742416388575, inf, inf, inf, inf, inf, inf, inf, inf, 2.6248809496813372, 1.3, inf, 3.753664875824692, inf, inf, inf, inf, inf, inf, inf, inf, 3.047950130825634, inf, inf, inf, 4.626013402488151, inf, inf, inf, inf, inf, inf, inf, 0.0, inf, inf, 3.4985711369071804, inf, inf, inf, inf, inf, inf, inf, 4.1182520563948
1000.0, 45000.0, 0, 83.0, 89.57142857142857, 35.3, inf, inf, inf, inf, inf, inf, inf, inf, 77.7, inf, inf, inf, inf, inf, inf, 79.3, inf, inf, inf, inf, inf, inf, inf, inf, 83.5, 83.0, inf, 83.9, inf, inf, inf, inf, 91.8, inf, inf, inf, 91.0, inf, inf, inf, 90.9, inf, inf, inf, inf, inf, inf, inf, inf, inf, inf, 65.9, inf, inf, inf, inf, inf, inf, inf, 79.6, 5.310367218940701, 3.7742413753208304, 17.922332437492617, inf, inf, inf, inf, inf, inf, inf, inf, 2.2825424421026654, inf, inf, inf, inf, inf, inf, 4.337049688440288, inf, inf, inf, inf, inf, inf, inf, inf, 2.4186773244895647, 0.0, inf, 2.808914381037628, inf, inf, inf, inf, 0.4, inf, inf, inf, 0.0, inf, inf, inf, 2.947880594596735, inf, inf, inf, inf, inf, inf, inf, inf, inf, inf, 6.10655385630881, inf, inf, inf, inf, inf, inf, inf, 5.834380858325929
1000.0, 46000.0, 0, 84.1, 88.7, 30.6, inf, inf, inf, inf, inf, inf, inf, inf, 82.5, inf, inf, inf, inf, inf, inf, 80.2, inf, inf, inf, inf, inf, inf, inf, inf, 82.6, 85.0, inf, 85.3, inf, inf, inf, inf, 92.0, inf, inf, inf, 85.0, inf, inf, inf, 93.2, inf, 89.0, 89.8, inf, 89.0, inf, 92.0, 91.0, inf, 90.77777777777777, 70.1, inf, inf, inf, inf, inf, inf, inf, 81.3, 4.4821869662029945, 2.1, 1.3564659966250536, inf, inf, inf, inf, inf, inf, inf, inf, 2.4186773244895647, inf, inf, inf, inf, inf, inf, 2.7129319932501073, inf, inf, inf, inf, inf, inf, inf, inf, 3.261901286060018, 0.0, inf, 3.5791060336346563, inf, inf, inf, inf, 0.0, inf, inf, inf, 2.04939015319192, inf, inf, inf, 2.4413111231467406, inf, 2.8674417556808756, 4.214261501141095, inf, 1.224744871391589, inf, 0.0, 0.0, inf, 0.628539361054709, 6.10655385630881, inf, inf, inf, inf, inf, inf, inf, 4.382921400162226
1000.0, 47000.0, 0, 83.5, 88.0, 31.8, inf, inf, inf, inf, inf, inf, inf, inf, 80.7, inf, inf, inf, inf, inf, inf, 77.0, inf, inf, inf, inf, inf, inf, inf, inf, 81.8, 85.0, inf, 85.4, inf, inf, inf, inf, 96.0, inf, inf, inf, 83.2, inf, inf, inf, 93.8, inf, 90.2, 89.6, inf, 91.8, inf, 87.2, inf, inf, 90.9, 69.5, inf, inf, 91.0, inf, inf, inf, inf, 82.4, 3.52845575287547, 0.0, 2.3151673805580453, inf, inf, inf, inf, inf, inf, inf, inf, 1.7916472867168918, inf, inf, inf, inf, inf, inf, 4.898979485566356, inf, inf, inf, inf, inf, inf, inf, inf, 3.026549190084311, 0.0, inf, 1.9595917942265424, inf, inf, inf, inf, 0.0, inf, inf, inf, 3.280243893371345, inf, inf, inf, 2.4, inf, 2.1354156504062622, 0.8, inf, 1.833030277982336, inf, 2.4000000000000004, inf, inf, 1.57797338380595, 4.5, inf, inf, 0.0, inf, inf, inf, inf, 4.2
1000.0, 48000.0, 0, 85.0, 87.0, 30.8, inf, inf, inf, inf, inf, inf, inf, inf, 83.3, inf, inf, inf, inf, inf, inf, 80.6, inf, inf, inf, inf, inf, inf, inf, inf, 84.1, inf, inf, 86.0, inf, inf, inf, inf, inf, inf, inf, inf, 84.9, inf, inf, inf, 95.4, inf, 93.0, 91.3, inf, 88.1, inf, 90.77777777777777, 91.8, inf, 92.0, 74.9, inf, inf, 92.0, inf, inf, inf, inf, 80.5, 3.40587727318528, 2.792848008753788, 1.469693845669907, inf, inf, inf, inf, inf, inf, inf, inf, 3.925557285278104, inf, inf, inf, inf, inf, inf, 4.923413450036469, inf, inf, inf, inf, inf, inf, inf, inf, 1.7, inf, inf, 2.932575659723036, inf, inf, inf, inf, inf, inf, inf, inf, 3.4190641994557516, inf, inf, inf, 1.7435595774162693, inf, 0.0, 1.345362404707371, inf, 3.4190641994557516, inf, 2.199887763691481, 0.9797958971132712, inf, 0.0, 5.028916384272063, inf, inf, 0.0, inf, inf, inf, inf, 3.5846896657869842
